-88.331492,32.324142,-88.33037,32.32442
-88.175933,32.360763,-88.175304,32.361033
-88.388954,32.357073,-88.388317,32.357771
-88.221102,32.35078,-88.218948,32.352612
-88.323995,32.950671,-88.323746,32.951161
-88.231077,32.700812,-88.229915,32.702174
-88.349276,32.548266,-88.34847,32.549295
-88.304259,32.488903,-88.30233,32.4895
-88.182481,32.59966,-88.17966,32.601061
-86.955186,32.617088,-86.95452,32.61771
-87.059169,32.378484,-87.058911,32.378894
-87.251219,32.052598,-87.249989,32.054329
-87.534883,31.934442,-87.533978,31.935072
-87.49702,31.894541,-87.496161,31.89554
-88.280149,33.325473,-88.279197,33.326337
-88.153618,33.261297,-88.152611,33.262202
-86.988768,31.866884,-86.988069,31.867233
-87.586341,31.959751,-87.584933,31.960933
-87.40708,31.887472,-87.406418,31.888346
-87.43091,31.901283,-87.430365,31.902135
-87.296975,31.98196,-87.295594,31.98427
-87.989825,33.138512,-87.989499,33.138851
-88.279714,33.056158,-88.279388,33.056457
-87.903345,33.325066,-87.902098,33.326
-85.770442,34.635835,-85.768691,34.636935
-87.441076,34.732319,-87.440064,34.732978
-87.849593,32.514133,-87.847566,32.515465
-87.727727,32.072313,-87.726059,32.073934
-87.297214,32.136159,-87.252649,32.150509
-88.22334,33.401035,-88.222803,33.401905
-88.27892,33.424303,-88.278561,33.424645
-88.231087,33.427042,-88.229755,33.428333
-85.313559,32.475982,-85.312719,32.476338
-85.86993,34.252899,-85.867756,34.255193
-85.624964,34.5007,-85.617677,34.507582
-85.731468,34.570682,-85.729583,34.572082
-85.692302,34.624062,-85.690888,34.624995
-85.531317,34.515826,-85.529579,34.517424
-85.176298,32.712359,-85.174155,32.713538
-85.675547,34.702872,-85.674254,34.703713
-85.622648,34.726025,-85.622287,34.726521
-85.868304,34.280348,-85.867422,34.281655
-87.997666,32.067377,-87.996253,32.069018
-87.754018,31.933427,-87.748511,31.938761
-87.900857,31.505556,-87.898656,31.507005
-87.75206,31.835213,-87.751014,31.835956
-87.896822,31.825628,-87.895957,31.826495
-87.832314,33.079741,-87.831501,33.080557
-88.009489,33.048378,-88.008678,33.049121
-88.052668,33.025677,-88.051546,33.026601
-88.040059,32.890493,-88.039309,32.891177
-88.08272,32.858272,-88.082283,32.858644
-87.904517,32.638514,-87.90371,32.639375
-85.852638,33.485912,-85.847933,33.491644
-85.60879,33.499487,-85.607163,33.500093
-85.43995,31.831141,-85.439084,31.8319
-85.508885,31.662225,-85.507224,31.663576
-85.592603,31.919352,-85.591933,31.920014
-85.576266,31.37517,-85.575333,31.375552
-85.471051,31.477447,-85.470038,31.478535
-86.907484,32.898887,-86.906807,32.899819
-85.595598,34.295102,-85.594832,34.296015
-85.590928,31.391637,-85.590036,31.391947
-85.76892,34.244298,-85.76743,34.2457
-87.410957,31.428077,-87.408226,31.431006
-87.67258,31.350691,-87.671688,31.351467
-86.995653,31.8049,-86.995367,31.805595
-87.49562,31.768868,-87.495365,31.768976
-86.192919,34.396765,-86.19226,34.396949
-85.472376,31.306926,-85.438608,31.333962
-85.534558,34.198603,-85.534023,34.19907
-85.459413,34.083355,-85.457803,34.084287
-85.79148,34.243672,-85.790508,34.244325
-85.716908,34.234799,-85.716366,34.235218
-85.747839,34.189321,-85.746606,34.190147
-85.480576,34.24759,-85.480143,34.248325
-85.685087,34.138127,-85.684758,34.138406
-85.710173,34.117499,-85.708996,34.118197
-85.773445,31.555344,-85.772078,31.556189
-85.631668,31.606412,-85.630874,31.606975
-85.648618,31.450672,-85.647492,31.451576
-85.640518,31.453655,-85.639262,31.456074
-85.647882,31.517597,-85.647175,31.518476
-88.229438,33.640421,-88.228453,33.640899
-88.084205,33.908644,-88.083189,33.909377
-88.022795,33.530668,-88.021374,33.531514
-86.943759,31.032665,-86.943113,31.033199
-88.153808,32.169641,-88.152743,32.170495
-88.38539,32.044417,-88.384725,32.045054
-87.358799,31.322289,-87.358289,31.322964
-87.4252,31.536122,-87.424929,31.536456
-87.463713,31.157989,-87.430158,31.172924
-88.223098,32.08822,-88.222467,32.08888
-86.199954,34.42215,-86.198087,34.423692
-87.178928,31.031561,-87.178258,31.032286
-86.211962,34.481298,-86.21052,34.482665
-87.147388,31.241187,-87.146236,31.242105
-86.787323,31.136704,-86.78634,31.137996
-87.597205,31.004429,-87.5955,31.006039
-86.174011,34.198769,-86.167195,34.203877
-86.439078,34.478315,-86.43864,34.478671
-86.2102,34.266362,-86.209284,34.267166
-86.141862,31.50221,-86.140872,31.503129
-86.183997,31.47244,-86.182221,31.473281
-85.9281,31.386069,-85.926295,31.387701
-85.249583,31.255858,-85.248411,31.256839
-85.12123,31.295949,-85.119301,31.296914
-85.9537,32.949935,-85.948755,32.952537
-85.675825,32.910345,-85.67431,32.911547
-85.976017,32.920054,-85.97491,32.920941
-87.320307,31.523614,-87.318643,31.525455
-85.91654,32.810679,-85.915324,32.811781
-86.689135,31.692897,-86.688277,31.693453
-86.484397,31.882322,-86.483744,31.882929
-86.467182,31.950225,-86.466546,31.951136
-86.834423,31.775774,-86.833439,31.776508
-86.519626,31.810448,-86.51938,31.810884
-86.568509,31.802747,-86.567865,31.803565
-86.539381,31.780034,-86.538231,31.781181
-86.469484,32.942814,-86.468967,32.942979
-88.031196,34.320087,-88.030033,34.320976
-87.886084,34.435597,-87.885247,34.43626
-87.76535,34.519997,-87.764403,34.520613
-86.956018,34.792149,-86.951735,34.7966
-87.140665,34.87079,-87.140516,34.871007
-87.134174,34.77669,-87.132626,34.777375
-87.208278,34.803619,-87.20718,34.804395
-87.946867,33.679719,-87.946089,33.680484
-87.805737,33.632587,-87.804747,33.633155
-87.688688,33.728094,-87.686784,33.729486
-87.589427,33.846982,-87.588288,33.847786
-87.622974,33.822286,-87.622285,33.823165
-87.591126,33.808408,-87.590269,33.809385
-86.839554,34.868023,-86.83869,34.868663
-85.279364,31.42974,-85.278294,31.430309
-85.387035,31.558294,-85.386369,31.558954
-87.591384,33.677834,-87.590212,33.678393
-86.193177,31.125174,-86.154578,31.190277
-86.069076,31.122589,-86.067013,31.124321
-86.946109,34.810445,-86.938893,34.81855
-85.08419,31.602258,-85.083421,31.602897
-86.995607,34.803945,-86.994428,34.80539
-85.387264,31.482895,-85.386715,31.483491
-87.182419,33.814973,-87.180267,33.816849
-87.092926,33.740829,-87.083687,33.748405
-87.289164,33.854504,-87.284612,33.856798
-87.358187,33.900677,-87.356936,33.901896
-87.214226,33.956774,-87.213607,33.957777
-86.257877,33.831763,-86.25663,33.834177
-87.23697,33.670688,-87.235668,33.671753
-87.331908,33.984754,-87.330001,33.986002
-85.417535,32.246656,-85.416554,32.247763
-85.085513,32.178963,-85.085018,32.179406
-85.079281,32.126125,-85.078929,32.126455
-86.262055,33.693827,-86.261039,33.694592
-86.688062,33.961911,-86.687612,33.962275
-86.589048,33.960245,-86.587709,33.961149
-86.264658,34.626,-86.263905,34.627057
-86.292029,34.737364,-86.291386,34.737801
-86.139904,34.685524,-86.137688,34.687514
-85.835169,34.874204,-85.833796,34.875716
-86.04574,34.669234,-86.042532,34.673027
-85.732584,34.863339,-85.731805,34.864319
-86.141461,34.74407,-86.140586,34.744612
-85.705225,34.750445,-85.704187,34.751356
-85.712377,34.751851,-85.711011,34.752761
-85.99517,34.66097,-85.994397,34.661689
-85.998752,34.886373,-85.998095,34.887132
-85.915426,34.888336,-85.914585,34.888956
-85.915808,34.714939,-85.914561,34.716006
-85.945006,34.718875,-85.943317,34.72011
-86.461129,34.155822,-86.460478,34.156255
-86.558472,34.002858,-86.55734,34.003379
-86.481722,34.12128,-86.480856,34.122315
-87.529107,33.889491,-87.52822,33.890137
-85.82299,34.618513,-85.822426,34.618982
-85.990183,34.766026,-85.989342,34.766717
-85.897266,34.765103,-85.896572,34.766615
-86.078793,34.893002,-86.078052,34.893795
-85.807645,34.841702,-85.8066,34.843248
-86.036259,34.662036,-86.034988,34.662483
-88.274033,30.654661,-88.225449,30.709942
-88.248711,30.428442,-88.245707,30.431867
-87.392559,34.19413,-87.391122,34.195321
-87.547093,34.047505,-87.545736,34.048878
-87.574166,34.253648,-87.573568,34.254423
-87.630336,34.233353,-87.62816,34.236005
-87.633806,34.29214,-87.632765,34.293813
-86.270448,32.227196,-86.268916,32.227721
-86.115793,32.192337,-86.114439,32.19317
-88.328687,31.092389,-88.328252,31.092948
-88.231224,31.064117,-88.229335,31.065371
-88.35633,30.819372,-88.355102,30.821112
-88.35457,30.634836,-88.353806,30.63556
-88.312483,31.043354,-88.311753,31.043819
-86.26295,32.352382,-86.260006,32.35373
-88.12883,30.251176,-88.126811,30.251957
-88.258617,30.679254,-88.257879,30.679819
-88.095613,30.697563,-88.093136,30.700045
-86.303285,32.484327,-86.260687,32.520665
-85.999763,32.522367,-85.999208,32.523086
-88.238112,31.090917,-88.236642,31.092192
-88.152078,31.11831,-88.151686,31.11973
-86.334758,32.575647,-86.330424,32.579002
-86.195705,32.562671,-86.191167,32.565536
-87.665227,34.854558,-87.660971,34.856683
-87.299915,34.827757,-87.298472,34.82878
-87.78928,34.908502,-87.788255,34.910153
-87.34158,34.907976,-87.341005,34.90843
-87.301546,34.811941,-87.300432,34.812828
-87.529125,34.877648,-87.527939,34.8788
-85.858592,33.27232,-85.855958,33.273992
-87.671252,34.79503,-87.669674,34.796849
-85.684548,33.488647,-85.683433,33.490546
-87.516048,32.454481,-87.514463,32.456995
-87.383782,32.496119,-87.376379,32.500134
-87.405794,32.641742,-87.40502,32.6432
-87.327001,32.620843,-87.318075,32.625068
-87.318449,32.631468,-87.317901,32.632475
-86.252236,33.171583,-86.250758,33.17274
-86.972997,34.523103,-86.963057,34.530326
-87.105455,34.64664,-87.086243,34.662359
-86.110675,33.611043,-86.10853,33.611801
-86.324848,33.334643,-86.323496,33.33568
-87.059583,34.484611,-87.059162,34.485152
-87.103763,34.492224,-87.103305,34.492741
-85.404462,32.899,-85.402768,32.899762
-85.49,33.0623,-85.4882,33.062737
-86.863941,34.259495,-86.854812,34.273427
-86.779523,34.298889,-86.778997,34.299597
-86.709657,34.294134,-86.70819,34.295499
-87.498863,34.592301,-87.497894,34.592922
-87.167192,34.680133,-87.166525,34.680678
-87.237538,34.637676,-87.236814,34.638541
-87.294124,34.44363,-87.29317,34.444142
-87.520222,34.367609,-87.519908,34.368106
-87.445219,34.536725,-87.444174,34.537585
-87.385319,34.539729,-87.384316,34.54037
-87.318847,34.481296,-87.318212,34.482544
-87.325244,34.759587,-87.324063,34.760654
-86.633521,32.818894,-86.632388,32.819429
-86.524659,32.755352,-86.522774,32.75607
-86.571503,32.796475,-86.570993,32.796843
-86.63847,32.860605,-86.636143,32.862914
-86.768239,33.054101,-86.76662,33.054964
-86.692411,32.808126,-86.691837,32.808644
-86.794306,32.918877,-86.792901,32.920254
-86.856849,32.946244,-86.856499,32.946547
-86.849555,32.927106,-86.849269,32.927318
-86.799716,32.919851,-86.799277,32.920198
-86.542447,32.937733,-86.541473,32.938436
-86.586318,32.940945,-86.585592,32.941513
-86.602837,32.901716,-86.602055,32.90252
-86.928204,31.633677,-86.927474,31.634919
-87.03305,31.296621,-87.031998,31.29778
-85.772524,33.824565,-85.770542,33.825958
-87.722351,30.260513,-87.721861,30.26094
-85.622386,33.919953,-85.620324,33.921325
-85.773801,33.821567,-85.772726,33.82223
-86.308526,31.62918,-86.307309,31.63039
-86.407279,31.920133,-86.406534,31.920765
-86.358954,31.551705,-86.358479,31.552617
-86.353709,31.595469,-86.352318,31.59647
-87.541825,33.261329,-87.529656,33.279663
-85.841853,32.14996,-85.840763,32.150868
-85.966597,32.131295,-85.966073,32.131589
-85.658597,32.161924,-85.656762,32.162681
-85.877393,32.214371,-85.875244,32.215708
-85.60367,32.216655,-85.603032,32.217252
-85.573166,32.170074,-85.572636,32.17076
-85.970015,31.807818,-85.968854,31.808532
-87.177647,33.295354,-87.175847,33.296638
-87.754418,33.14246,-87.7537,33.14347
-87.412662,33.573082,-87.412188,33.573631
-85.728834,31.860101,-85.726153,31.862225
-85.706317,31.823355,-85.705316,31.824181
-86.126184,31.747603,-86.123494,31.749357
-88.100508,34.094523,-88.099482,34.095146
-87.734685,34.120051,-87.734382,34.120293
-86.589085,34.680443,-86.579192,34.689291
-87.815135,33.935088,-87.812498,33.936686
-87.999352,34.111859,-87.997815,34.12524
-87.813889,34.155057,-87.813405,34.155452
-88.272022,31.4381,-88.271306,31.439013
-86.537713,34.719291,-86.497356,34.755834
-86.379107,34.750098,-86.377999,34.75064
-86.598029,34.866564,-86.58889,34.872571
-86.442157,34.603768,-86.441417,34.604374
-86.489228,34.505811,-86.488288,34.506709
-86.369816,34.5681,-86.36845,34.569049
-86.75027,34.844376,-86.749782,34.844767
-86.724759,34.647421,-86.724463,34.647956
-86.718717,34.782714,-86.717933,34.783866
-86.685308,34.774874,-86.68454,34.775194
-86.652811,34.77161,-86.652283,34.772346
-86.599272,34.736348,-86.596578,34.739067
-86.379009,34.749755,-86.377999,34.750101
-86.438937,33.334532,-86.437207,33.336171
-86.719272,33.206293,-86.717956,33.207528
-86.778207,34.745706,-86.777871,34.745962
-86.393392,31.170624,-86.392645,31.171543
-86.785772,33.296791,-86.674204,33.389954
-86.795242,33.34646,-86.791538,33.352752
-86.6679,34.698494,-86.658424,34.705881
-86.430756,31.245033,-86.429673,31.245921
-86.427225,31.31718,-86.424681,31.319756
-86.428343,31.095276,-86.42705,31.095937
-86.472434,31.285208,-86.467729,31.288907
-86.253861,31.284346,-86.252046,31.285053
-86.628894,31.513763,-86.627847,31.514589
-86.281895,31.508007,-86.280387,31.509238
-86.676382,32.181479,-86.675278,32.182972
-86.632802,32.160198,-86.632049,32.161521
-86.633423,32.156464,-86.632777,32.156998
-86.739685,33.554167,-86.736514,33.5571
-86.45477,32.175195,-86.453984,32.175583
-86.856913,33.477542,-86.852534,33.479059
-86.709508,32.469068,-86.708328,32.469958
-86.719281,33.577392,-86.709661,33.583693
-86.758741,33.565205,-86.7464,33.573705
-86.830538,33.555539,-86.823389,33.561132
-85.786077,32.298444,-85.785788,32.299017
-85.864352,32.459293,-85.862412,32.460399
-85.760367,32.465395,-85.759283,32.466303
-85.661947,32.352511,-85.661104,32.353195
-85.617273,32.277048,-85.616789,32.277616
-87.736584,30.545518,-87.734886,30.546355
-87.806677,30.383542,-87.805884,30.384203
-86.876465,33.501841,-86.875138,33.503076
-87.8158,30.807194,-87.815324,30.808097
-87.785978,30.757256,-87.784354,30.757958
-86.826296,33.525889,-86.823574,33.528867
-87.768528,31.278179,-87.766845,31.279226
-87.684565,30.73504,-87.683647,30.735341
-87.522569,30.414045,-87.521941,30.414513
-87.848711,31.042592,-87.848085,31.043093
-87.756806,30.253419,-87.75633,30.25444
-87.688457,30.24873,-87.623193,30.279426
-87.902885,30.605001,-87.900698,30.607938
-87.160103,34.280239,-87.159838,34.280473
-87.920995,33.309852,-87.920524,33.310344
-86.91365,33.479007,-86.907069,33.482706
-87.70359,30.485254,-87.701194,30.486287
-86.780063,33.565142,-86.778245,33.566503
-86.887479,33.48474,-86.885321,33.487788
-86.876689,33.493178,-86.868109,33.500926
-86.816614,33.245043,-86.815871,33.24574
-86.628386,33.181625,-86.627035,33.18249
-86.809032,33.814569,-86.808032,33.81505
-87.581279,30.2898,-87.577919,30.290336
-86.756263,33.501213,-86.755646,33.501725
-88.383822,32.349204,-88.382414,32.350454
-85.628821,32.032609,-85.628377,32.033223
-88.048249,34.758061,-88.047692,34.7589
-86.73144,32.18025,-86.731119,32.180863
-85.727765,31.733181,-85.726564,31.73398
-85.663957,34.184797,-85.663037,34.186376
-85.827504,34.92251,-85.826831,34.923214
-85.915561,34.61215,-85.91488,34.61263
-88.241926,32.709591,-88.241016,32.710878
-87.97473,33.480883,-87.974185,33.482174
-87.279108,33.627665,-87.278345,33.628442
-87.291893,34.431676,-87.290699,34.432225
-85.639183,32.415549,-85.638492,32.416013
-86.834474,31.153512,-86.8333,31.154806
-86.186711,34.389375,-86.118937,34.447704
-86.341801,31.473137,-86.340933,31.473952
-85.652507,33.280223,-85.651087,33.281233
-86.257071,34.802574,-86.256476,34.803026
-86.048716,32.44059,-86.047252,32.441799
-87.784291,32.302,-87.783428,32.303581
-86.687292,34.770874,-86.684828,34.771514
-86.953922,33.400892,-86.95252,33.402303
-86.733092,33.547855,-86.72797,33.550578
-86.717359,33.583832,-86.708439,33.591247
-86.124099,34.437269,-86.121527,34.439811
-87.725025,34.388238,-87.724359,34.388746
-85.041156,31.000585,-85.023869,31.014418
-87.082701,34.169986,-87.082401,34.170234
-87.219391,32.680325,-87.218242,32.682144
-87.693801,30.414064,-87.691682,30.416154
-86.620382,31.407858,-86.616772,31.409381
-87.931755,32.67465,-87.930926,32.675531
-88.205027,33.103257,-88.190651,33.109918
-86.3708,34.762286,-86.369305,34.762794
-87.981987,33.582388,-87.980993,33.583698
-86.325459,34.556721,-86.324474,34.557658
-85.591277,34.061312,-85.5907,34.062064
-88.38771,31.291488,-88.38687,31.292174
-87.504942,32.447505,-87.502853,32.448507
-86.308316,33.870472,-86.307214,33.871312
-86.598472,33.134679,-86.597131,33.135748
-86.587709,32.951804,-86.586789,32.952876
-87.004191,34.13678,-87.003208,34.137163
-88.025575,31.056138,-88.024616,31.05707
-86.677745,33.389966,-86.677681,33.390109
-85.451636,32.948546,-85.451321,32.948819
-86.728498,33.567304,-86.721257,33.574952
-86.481563,32.138831,-86.479064,32.139578
-88.154989,32.795201,-88.153745,32.795896
-85.754616,31.304855,-85.754135,31.305216
-86.818935,34.433497,-86.818522,34.433986
-87.221347,33.304955,-87.220606,33.305585
-86.450267,31.742019,-86.449533,31.742826
-85.953909,32.845653,-85.918622,32.87762
-86.393742,34.167866,-86.392775,34.168613
-87.218309,33.113756,-87.21698,33.114947
-87.588166,34.314393,-87.587589,34.314702
-85.777431,33.818477,-85.759756,33.830726
-86.945634,32.441588,-86.942785,32.444374
-88.104757,34.405693,-88.10342,34.407722
-87.907967,32.25723,-87.90617,32.259545
-85.251936,31.572208,-85.250562,31.575443
-85.964178,34.359783,-85.962903,34.360807
-85.650389,32.83594,-85.649733,32.837172
-86.615802,34.861497,-86.615252,34.861992
-85.862334,33.584871,-85.860702,33.586016
-85.281778,31.652543,-85.281262,31.653389
-85.706824,33.325629,-85.704917,33.326543
-85.838235,34.867976,-85.836981,34.868831
-87.768081,30.862751,-87.767249,30.864372
-86.983396,34.768058,-86.976791,34.771805
-86.599959,34.545151,-86.598935,34.546143
-86.797994,31.231891,-86.797532,31.232402
-86.747794,33.076058,-86.746973,33.076663
-86.879076,33.507319,-86.876991,33.50857
-86.915689,31.701685,-86.914869,31.702289
-88.384664,32.34299,-88.384382,32.343271
-87.215083,34.057359,-87.213878,34.059005
-85.665839,32.342602,-85.663373,32.343702
-85.475087,32.479419,-85.474313,32.479891
-85.812437,34.579143,-85.81153,34.580047
-87.625247,30.3822,-87.622435,30.39971
-86.489998,33.929028,-86.488653,33.930465
-86.247291,34.694335,-86.246998,34.694572
-88.075762,34.221227,-88.074317,34.222524
-85.469698,31.511232,-85.469079,31.511888
-88.029262,31.079208,-88.025935,31.081353
-87.517995,32.420758,-87.515578,32.422871
-86.293286,34.357907,-86.29226,34.358713
-85.891041,34.900988,-85.89023,34.901452
-85.171258,32.013258,-85.170994,32.014688
-86.210346,31.679173,-86.209523,31.679902
-87.65326,33.53571,-87.652776,33.536755
-87.918905,31.51441,-87.916665,31.516375
-87.493438,34.9251,-87.492053,34.92599
-86.776809,32.522333,-86.776067,32.523147
-86.761997,34.6751,-86.761051,34.675817
-85.263894,31.574663,-85.262649,31.575893
-86.954912,31.111595,-86.953785,31.113186
-86.609578,34.0938,-86.60838,34.094586
-85.594688,33.92309,-85.593671,33.923874
-85.715538,34.157346,-85.71474,34.15803
-86.448778,32.03044,-86.447358,32.031652
-85.627308,34.764328,-85.625924,34.764965
-85.652338,34.750083,-85.651468,34.750778
-87.961805,33.36692,-87.960547,33.367533
-85.533082,34.294976,-85.532399,34.295806
-87.666907,31.020253,-87.666161,31.021613
-87.996276,34.11457,-87.994997,34.115734
-87.278659,31.304097,-87.277985,31.30446
-85.361343,33.147729,-85.360511,33.149152
-87.430378,33.117015,-87.42924,33.11846
-86.085225,31.412311,-86.082959,31.413593
-85.777608,34.876162,-85.777059,34.876664
-86.577605,32.177981,-86.577306,32.178221
-86.675037,32.131858,-86.673365,32.133001
-87.237329,34.169095,-87.236482,34.16979
-85.249783,31.567258,-85.248588,31.568576
-87.71071,33.713029,-87.710315,33.713624
-88.023887,33.569306,-88.022637,33.569804
-87.203432,34.683797,-87.202865,34.68413
-87.191427,34.92707,-87.190734,34.927617
-86.688301,34.323123,-86.687,34.32382
-87.116624,34.471642,-87.115468,34.472604
-86.296687,32.159787,-86.295454,32.160618
-86.944905,32.253974,-86.944334,32.254872
-88.006658,32.976363,-88.006132,32.977234
-85.963664,32.872109,-85.960688,32.876337
-88.217247,32.656121,-88.21639,32.656767
-86.712374,31.04646,-86.711511,31.047475
-86.185367,32.495435,-86.184066,32.496535
-86.551141,31.831533,-86.550666,31.831932
-88.239041,31.305381,-88.238176,31.306196
-85.977257,31.775216,-85.964343,31.779751
-85.805262,34.877265,-85.804284,34.877995
-86.984928,34.605586,-86.982474,34.60743
-87.182068,31.03064,-87.180689,31.03195
-85.336109,31.35158,-85.335535,31.352637
-87.997639,33.306554,-87.996858,33.306998
-87.908921,31.67044,-87.908272,31.670831
-86.776779,33.536222,-86.773456,33.538444
-87.18995,31.736327,-87.188935,31.737026
-86.726404,32.151463,-86.726016,32.151874
-85.425687,31.933472,-85.425253,31.933803
-86.465403,33.9506,-86.46287,33.952472
-87.682881,30.412977,-87.681278,30.414099
-88.083414,30.244859,-88.076629,30.249639
-87.070564,31.992672,-87.069608,31.993628
-86.959284,31.41676,-86.95643,31.419979
-87.306059,32.32135,-87.304596,32.321908
-88.051643,32.876198,-88.050937,32.87682
-85.148553,32.192729,-85.147568,32.194004
-88.016063,33.466383,-88.015467,33.466876
-86.916217,31.517558,-86.915089,31.518476
-86.442845,34.601243,-86.441877,34.602195
-86.801896,33.905075,-86.801384,33.905592
-87.367379,34.073219,-87.366444,34.074419
-85.033719,32.509451,-85.02759,32.509844
-85.610817,32.026868,-85.609952,32.027914
-86.624797,33.179727,-86.623383,33.182057
-87.345752,34.915186,-87.34529,34.915479
-86.875777,34.102354,-86.874014,34.104163
-86.880908,34.049256,-86.879723,34.049898
-86.81656,34.172451,-86.811082,34.176655
-86.48557,32.089851,-86.484406,32.091458
-87.33606,34.360797,-87.335632,34.361146
-85.647631,34.829221,-85.646908,34.82972
-86.578361,34.850553,-86.577529,34.851289
-88.299543,32.842042,-88.298805,32.842886
-86.259114,31.577035,-86.257751,31.578248
-86.888117,33.54088,-86.886285,33.542938
-85.678991,31.637388,-85.678384,31.638304
-85.751747,31.34646,-85.751286,31.346968
-85.872517,31.94539,-85.870959,31.947327
-85.695276,32.437745,-85.693991,32.442442
-87.013685,34.678126,-87.013227,34.67856
-85.804199,32.258495,-85.803393,32.25948
-87.621828,32.717306,-87.62084,32.718199
-86.782718,32.458228,-86.781167,32.459547
-88.046041,32.815373,-88.045251,32.816074
-87.095533,34.414939,-87.094147,34.416343
-85.248655,32.355918,-85.248019,32.356474
-87.188932,33.511262,-87.182507,33.516931
-85.432366,31.782543,-85.431622,31.783379
-87.669786,33.441284,-87.669303,33.441678
-86.730425,31.629108,-86.730053,31.629555
-86.77016,33.501206,-86.768577,33.50309
-85.583742,32.972887,-85.582702,32.973186
-86.620831,34.743173,-86.608444,34.749461
-85.64521,31.487689,-85.644923,31.488171
-86.21095,34.26737,-86.210285,34.267884
-88.343429,32.92559,-88.342472,32.927008
-85.649943,32.007458,-85.649149,32.008299
-87.756588,32.206277,-87.755721,32.207149
-86.608513,32.983714,-86.608164,32.984054
-85.892986,32.535704,-85.892386,32.536326
-86.592761,32.957371,-86.592413,32.957656
-86.790265,33.47907,-86.789635,33.479603
-87.823276,34.452555,-87.822245,34.453005
-85.943286,34.979206,-85.942004,34.980468
-86.499984,31.601078,-86.499727,31.601603
-86.544468,31.898205,-86.543684,31.898851
-86.278036,32.387864,-86.274675,32.390507
-85.477625,32.216059,-85.466838,32.226985
-85.861945,34.82898,-85.860673,34.830302
-87.28468,34.509193,-87.283082,34.510971
-88.061832,32.916877,-88.060977,32.917569
-86.633615,32.02261,-86.632174,32.024214
-87.917839,34.367813,-87.917769,34.367925
-87.40833,34.644286,-87.407892,34.644721
-87.259129,34.284952,-87.258808,34.285316
-88.193709,31.438093,-88.193036,31.43847
-85.115473,31.532494,-85.114927,31.532931
-88.09568,33.860857,-88.095019,33.861439
-86.391119,31.553239,-86.390565,31.553755
-87.019974,32.424417,-87.015901,32.429499
-88.199433,33.127659,-88.198972,33.128079
-85.50774,32.584043,-85.481698,32.606563
-86.16586,34.162295,-86.165299,34.163094
-85.875579,34.55046,-85.875078,34.550703
-85.895275,34.776976,-85.89444,34.777361
-87.27657,34.041832,-87.276279,34.042107
-85.785491,34.623936,-85.784641,34.624584
-88.076364,33.295085,-88.076066,33.29536
-87.642073,34.095263,-87.64174,34.095661
-88.206633,33.72003,-88.206016,33.720856
-85.653906,31.511704,-85.653391,31.512612
-88.112518,34.728463,-88.111593,34.729791
-87.487106,34.47734,-87.485448,34.478406
-86.427684,34.664184,-86.426833,34.665294
-85.968109,34.711481,-85.964721,34.714047
-85.775765,34.936669,-85.771013,34.939912
-87.906318,34.211538,-87.905116,34.212435
-85.866297,31.038765,-85.865511,31.039571
-87.497839,34.867151,-87.497321,34.86774
-85.756262,34.945873,-85.752751,34.950428
-86.895253,32.997732,-86.894639,32.998108
-86.932213,34.451346,-86.930842,34.452369
-86.331167,34.671664,-86.329634,34.671937
-87.805654,30.472903,-87.804792,30.474026
-86.401172,31.948492,-86.399759,31.949901
-86.091041,33.432561,-86.087737,33.434736
-85.090884,31.562775,-85.090066,31.563436
-85.369419,33.140171,-85.365434,33.142837
-85.86031,34.959136,-85.85963,34.959556
-85.96618,33.490187,-85.964554,33.49174
-86.34079,30.994331,-86.337931,30.995792
-86.952022,31.659498,-86.950992,31.660421
-88.034266,34.347443,-88.033053,34.348482
-87.667585,30.392203,-87.666354,30.393416
-87.913147,33.285961,-87.912423,33.2867
-86.708441,31.508779,-86.706932,31.509877
-86.724201,32.927055,-86.723124,32.927771
-88.051433,32.75774,-88.051043,32.758344
-86.758937,34.32903,-86.75722,34.329556
-87.845263,33.133826,-87.844594,33.134917
-87.110288,32.226443,-87.109345,32.22711
-86.6897,31.219826,-86.688935,31.220461
-86.192288,31.075947,-86.183589,31.08907
-85.620155,31.776683,-85.619278,31.777339
-87.892311,32.009901,-87.891204,32.01091
-86.188752,32.361325,-86.171355,32.376859
-85.890783,32.259669,-85.889784,32.26015
-86.952835,33.439197,-86.951135,33.441516
-86.707893,33.373596,-86.70645,33.374993
-88.283598,32.174773,-88.282853,32.17533
-87.551498,34.842292,-87.54279,34.854326
-88.290852,30.918718,-88.289622,30.920651
-88.433239,31.424064,-88.432464,31.42488
-86.99104,31.11539,-86.990542,31.116148
-85.385302,31.202856,-85.384007,31.205219
-85.331478,31.719644,-85.330887,31.720399
-86.696758,32.337125,-86.695516,32.337745
-87.082541,31.920676,-87.081655,31.921447
-87.459194,34.469472,-87.458747,34.469989
-87.548336,33.315541,-87.545528,33.319153
-86.32417,34.013789,-86.323639,34.014063
-86.90931,33.482642,-86.905308,33.488971
-85.724018,34.439862,-85.723263,34.440589
-88.082014,31.187496,-88.08104,31.18818
-85.695639,34.653984,-85.695025,34.654391
-85.82291,34.967365,-85.806143,34.981693
-86.234226,33.584863,-86.233125,33.585749
-85.947435,32.922415,-85.943713,32.925652
-87.786468,33.687922,-87.785903,33.688624
-87.166113,33.970356,-87.165671,33.971134
-88.21562,33.638781,-88.215104,33.639254
-87.860728,31.014264,-87.859851,31.014709
-86.577356,34.721189,-86.575351,34.722517
-87.418734,34.87048,-87.417317,34.871084
-87.981607,34.761804,-87.980247,34.762602
-86.907779,33.4665,-86.904732,33.468349
-85.850062,32.039673,-85.849308,32.041564
-88.33384,32.818562,-88.333385,32.818989
-85.83404,32.826079,-85.833629,32.826327
-86.528525,32.319122,-86.527468,32.320711
-87.506151,31.308529,-87.505223,31.309271
-86.751054,33.376606,-86.746875,33.379767
-88.39203,32.507796,-88.391533,32.508629
-87.238671,34.749723,-87.234246,34.750088
-87.62147,34.225833,-87.620802,34.226543
-88.089185,32.674746,-88.087982,32.675964
-85.311773,33.152894,-85.309387,33.15475
-85.643606,34.634533,-85.642539,34.635495
-87.193177,31.544829,-87.191937,31.545691
-86.720296,32.797156,-86.71886,32.798153
-87.430689,34.820238,-87.429476,34.82084
-86.352684,33.266303,-86.349471,33.268653
-86.567204,32.88196,-86.566904,32.88228
-87.86424,32.841997,-87.86237,32.843186
-87.662692,33.474603,-87.662135,33.475104
-87.734928,33.546086,-87.734104,33.547359
-87.686982,34.803559,-87.677394,34.8115
-87.368582,31.03007,-87.367725,31.030816
-86.954592,31.435689,-86.953645,31.436598
-87.683927,30.62592,-87.682821,30.62657
-87.185367,33.750947,-87.182968,33.7529
-88.092666,32.859598,-88.092059,32.860114
-86.329458,34.069801,-86.328549,34.070606
-86.450904,31.197666,-86.450069,31.198306
-86.862045,32.933379,-86.861259,32.934099
-87.606025,33.17792,-87.600195,33.182622
-87.682814,30.561043,-87.680413,30.563931
-88.257387,31.464939,-88.256094,31.466303
-85.675929,34.149189,-85.674834,34.15029
-87.883052,34.735771,-87.88138,34.737173
-88.238912,30.681108,-88.236067,30.694967
-87.408418,32.502057,-87.406845,32.503376
-86.33276,34.670648,-86.331866,34.671269
-86.935839,34.261647,-86.934842,34.262811
-87.47178,34.629541,-87.470032,34.630194
-87.541709,34.027098,-87.541013,34.027365
-87.810187,30.805809,-87.80863,30.806263
-88.393581,30.719663,-88.392691,30.72043
-87.191388,34.844669,-87.189795,34.845341
-86.560033,32.89841,-86.559441,32.898682
-86.745402,33.489928,-86.733687,33.501001
-88.035294,30.667355,-88.020029,30.687906
-85.696658,34.889271,-85.695963,34.889881
-88.078256,34.143629,-88.07748,34.144082
-87.608881,33.452863,-87.607697,33.453319
-85.368421,33.150657,-85.365226,33.153818
-88.004043,33.401148,-88.003287,33.401924
-88.031019,34.482755,-88.030703,34.483258
-87.582709,31.58088,-87.581698,31.58223
-85.863783,33.222747,-85.862819,33.223495
-86.569115,33.137921,-86.567325,33.139459
-87.627813,33.513745,-87.626741,33.515721
-86.824393,33.466513,-86.813863,33.475119
-87.525919,34.57419,-87.524451,34.577274
-88.009548,31.087675,-88.009011,31.08816
-86.200816,34.180035,-86.199407,34.180856
-86.9504,34.103457,-86.949822,34.10423
-87.6294,33.905259,-87.628225,33.906186
-87.807955,32.483947,-87.804021,32.48819
-86.792479,32.677062,-86.791524,32.678917
-87.634507,33.000698,-87.618508,33.005122
-85.621002,31.812962,-85.620658,31.813357
-88.341128,31.219645,-88.340207,31.220376
-87.799625,30.38068,-87.798385,30.381608
-86.932306,32.815554,-86.931764,32.816138
-85.418598,31.535549,-85.416604,31.537211
-85.965249,31.227181,-85.964513,31.22789
-85.481303,32.293501,-85.480414,32.294611
-86.193061,31.161104,-86.185492,31.179111
-88.145555,34.207423,-88.144777,34.208955
-86.789072,34.833016,-86.788704,34.833368
-87.758948,31.930778,-87.756517,31.933187
-87.051124,32.486061,-87.050359,32.487291
-85.808139,34.907425,-85.806548,34.908646
-85.676043,31.595825,-85.675375,31.596415
-88.084794,33.098864,-88.082745,33.100645
-88.103996,31.123967,-88.101691,31.12607
-86.216193,33.20003,-86.215107,33.200805
-86.63448,32.981122,-86.633563,32.981647
-87.8196,31.210995,-87.818889,31.211591
-86.94342,33.365682,-86.942546,33.366628
-86.728572,32.32341,-86.727321,32.324112
-87.297251,32.141227,-87.293835,32.141686
-87.745222,30.996559,-87.743834,30.997316
-85.994388,33.98933,-85.98913,33.996671
-86.830669,34.149724,-86.828578,34.151299
-86.77898,33.551926,-86.741151,33.573745
-86.7457,34.698158,-86.743732,34.699262
-87.901576,34.151585,-87.900664,34.152033
-86.681624,32.98147,-86.680174,32.982476
-86.304342,33.606379,-86.302601,33.60784
-86.234139,31.262822,-86.231586,31.264574
-87.821686,33.72374,-87.814894,33.727826
-87.638468,32.341924,-87.636276,32.345089
-85.539069,31.301392,-85.537251,31.303754
-87.279914,31.7874,-87.279037,31.787793
-87.527908,33.72387,-87.527055,33.724473
-85.993678,33.987033,-85.991666,33.98933
-88.252489,32.916134,-88.25154,32.917132
-87.191388,34.945502,-87.190613,34.946944
-86.150893,31.815061,-86.150282,31.81619
-85.249941,32.446286,-85.249405,32.446627
-86.861541,33.12963,-86.859838,33.130989
-87.517464,33.16857,-87.508794,33.170895
-85.838051,33.159457,-85.836959,33.16015
-86.419762,32.291142,-86.374297,32.309424
-86.08815,34.022278,-86.087029,34.02322
-87.771957,30.614546,-87.767773,30.617423
-86.048282,34.373231,-86.047015,34.374515
-86.632433,33.671847,-86.626139,33.675971
-87.079752,31.056924,-87.079432,31.057518
-87.388952,34.621195,-87.387725,34.622471
-87.800737,33.747223,-87.799833,33.747951
-85.697958,31.86864,-85.697506,31.869124
-85.599376,31.576691,-85.597004,31.577096
-87.608946,31.986559,-87.60853,31.98706
-87.636282,34.991464,-87.635762,34.991656
-87.741249,31.719453,-87.739813,31.720638
-86.934992,34.444539,-86.934325,34.445419
-85.837262,34.486223,-85.836475,34.487056
-86.627024,32.956611,-86.626589,32.95695
-86.304076,34.049651,-86.301704,34.05131
-87.347015,31.732285,-87.346151,31.733505
-87.7603,33.631626,-87.759653,33.633251
-85.943409,32.619646,-85.942526,32.620874
-85.699788,34.501948,-85.698424,34.503009
-87.878693,31.731882,-87.87747,31.733485
-86.816079,33.124083,-86.815235,33.124608
-86.856649,33.128143,-86.832414,33.142688
-87.419506,34.592943,-87.417958,34.593793
-86.847787,33.523772,-86.842792,33.526505
-86.261298,34.358022,-86.258625,34.360269
-85.944914,34.600183,-85.943795,34.60092
-85.520327,32.426701,-85.519167,32.427354
-87.289256,31.986936,-87.286775,31.98852
-87.547826,31.163691,-87.546716,31.164299
-87.094083,32.938017,-87.083862,32.938964
-86.996333,32.948292,-86.995926,32.948817
-86.437984,33.138573,-86.43732,33.139318
-87.745234,34.484401,-87.744703,34.48487
-87.145193,34.682716,-87.144423,34.68351
-87.482304,33.192318,-87.478204,33.195217
-85.213575,32.705243,-85.212507,32.70581
-85.655431,34.141887,-85.653469,34.143743
-86.49038,34.056175,-86.488818,34.057052
-87.124441,34.419973,-87.11602,34.428638
-87.181288,31.216203,-87.180336,31.217002
-86.024002,33.583785,-86.022931,33.584803
-87.64626,33.708432,-87.64597,33.708876
-85.449737,31.992118,-85.448762,31.99264
-85.472209,31.863598,-85.471568,31.864123
-87.715681,33.413097,-87.715044,33.413721
-87.009549,34.674517,-87.008954,34.674921
-85.352719,32.463603,-85.351561,32.464311
-86.96375,34.800526,-86.959845,34.80413
-86.59768,32.973882,-86.597347,32.974123
-86.499559,32.228764,-86.497312,32.230584
-87.917567,33.338968,-87.915462,33.340674
-85.946607,34.712429,-85.94451,34.713277
-86.59797,34.742166,-86.596858,34.743199
-85.399823,31.839168,-85.399296,31.839684
-87.73709,32.114396,-87.736524,32.115254
-88.111529,34.640422,-88.110739,34.641347
-85.627249,31.779813,-85.626592,31.78025
-86.248101,32.332281,-86.240125,32.337358
-88.075296,32.820901,-88.074165,32.821925
-86.298374,32.381285,-86.296828,32.382283
-87.036125,31.317859,-87.035462,31.318437
-85.999457,34.35249,-85.993141,34.355936
-86.503743,31.311205,-86.502546,31.312817
-88.105733,33.870143,-88.104447,33.871722
-87.832415,33.684657,-87.831884,33.68526
-85.920136,34.863151,-85.919032,34.864014
-85.618456,32.108327,-85.617615,32.109083
-86.031503,32.448149,-86.030044,32.449452
-88.145264,33.141073,-88.144803,33.141406
-88.137359,34.434415,-88.136176,34.435787
-86.417101,34.537389,-86.415604,34.539317
-86.322259,32.10308,-86.321686,32.104185
-85.678627,34.152457,-85.677293,34.153914
-87.667861,33.620807,-87.666421,33.62185
-87.286651,34.764193,-87.25916,34.792915
-86.338839,32.573693,-86.332301,32.578176
-86.492253,31.307966,-86.49081,31.309858
-87.428411,34.470353,-87.42806,34.470554
-88.074946,30.764509,-88.073907,30.765287
-86.21139,32.920731,-86.210606,32.921382
-85.545091,34.050575,-85.544426,34.051048
-87.798988,34.583758,-87.798192,34.585377
-88.133603,34.437643,-88.130155,34.440165
-88.42534,31.817802,-88.423891,31.818614
-86.967508,34.80268,-86.966013,34.804004
-85.962891,31.79538,-85.947241,31.809009
-87.701982,33.593304,-87.701411,33.594096
-85.078263,32.112499,-85.077612,32.113048
-85.976247,31.512647,-85.975452,31.513553
-88.401397,32.341222,-88.401084,32.341496
-87.901815,33.276668,-87.900959,33.277357
-85.40507,32.622729,-85.400765,32.625208
-85.580139,34.393922,-85.57872,34.394978
-85.931604,32.94943,-85.926714,32.952449
-86.642788,32.946114,-86.642209,32.947215
-85.524893,34.152014,-85.524178,34.152643
-88.11999,33.400497,-88.119576,33.400893
-87.528963,32.025903,-87.528082,32.026539
-85.693509,34.264547,-85.693058,34.264858
-85.979904,34.823145,-85.979166,34.824176
-88.054891,32.996114,-88.054471,32.996386
-87.9933,34.38015,-87.992406,34.380826
-87.44321,34.569106,-87.442546,34.569806
-86.282655,32.346736,-86.274971,32.358313
-88.090335,34.756901,-88.089004,34.757736
-86.343536,31.964485,-86.342287,31.965414
-87.404335,31.540814,-87.403497,31.541438
-86.840162,34.833112,-86.839218,34.833832
-85.847952,34.616188,-85.847215,34.616684
-86.788009,34.617995,-86.756384,34.625578
-86.717655,34.294428,-86.715684,34.295968
-86.559696,31.808031,-86.558832,31.808514
-88.414987,32.338364,-88.414458,32.338766
-85.962453,32.619085,-85.961288,32.619708
-86.892326,31.150379,-86.891447,31.151035
-85.761704,32.08779,-85.760802,32.088749
-88.150379,32.089391,-88.149547,32.091163
-86.162086,34.859719,-86.160709,34.860616
-88.04535,33.906609,-88.044517,33.907953
-85.752475,34.955938,-85.751092,34.95824
-87.245895,33.026988,-87.244897,33.02808
-86.515637,34.523387,-86.515205,34.524795
-85.465548,31.77916,-85.464957,31.779716
-85.637795,31.450452,-85.63674,31.451618
-86.981307,31.873659,-86.98059,31.874033
-87.568417,32.493361,-87.567371,32.494175
-88.01794,33.374294,-88.015987,33.375535
-88.237578,33.608082,-88.236948,33.608687
-86.750436,33.550309,-86.743989,33.553525
-87.323472,33.228547,-87.321946,33.229518
-85.853206,31.060451,-85.852532,31.061548
-85.591098,31.437951,-85.59034,31.438279
-88.015003,34.251982,-88.013482,34.252925
-86.180494,34.764915,-86.179777,34.765888
-85.375687,33.150037,-85.374172,33.151628
-87.797976,32.307066,-87.796346,32.307695
-88.35803,32.121423,-88.357389,32.122141
-86.253359,31.287438,-86.251404,31.288614
-86.809751,33.522224,-86.807716,33.523716
-85.848578,34.49338,-85.847669,34.493983
-85.592506,33.456325,-85.591447,33.457138
-88.015849,33.925081,-88.015313,33.926036
-87.641946,34.373392,-87.641432,34.373811
-85.820558,31.736544,-85.818855,31.738465
-87.631992,33.650967,-87.631171,33.651614
-85.102118,31.153121,-85.100815,31.154463
-86.865782,34.34837,-86.864891,34.348944
-87.510713,31.612856,-87.510159,31.613286
-87.504382,34.93479,-87.503612,34.935463
-87.902732,30.602125,-87.901995,30.602455
-87.571448,33.73317,-87.570634,33.734444
-87.639971,33.427728,-87.638792,33.428243
-87.155918,31.06689,-87.152201,31.068915
-85.606095,34.931308,-85.605529,34.931698
-85.675132,34.269873,-85.67456,34.270526
-87.110994,34.417081,-87.110683,34.417283
-88.149756,34.341584,-88.148767,34.342746
-87.295526,34.787902,-87.294382,34.789085
-85.622285,31.853022,-85.621509,31.853562
-85.320297,31.573628,-85.319459,31.574708
-87.70528,32.027847,-87.704484,32.02836
-86.52925,32.088292,-86.527718,32.089187
-86.449963,31.587829,-86.449267,31.588223
-86.225571,32.970796,-86.223576,32.971812
-87.538706,31.970311,-87.538015,31.97109
-86.926159,33.341197,-86.925327,33.34214
-88.435243,31.844656,-88.434595,31.84514
-85.491267,34.203894,-85.490595,34.204959
-86.818014,33.523828,-86.814715,33.528458
-86.801726,31.165166,-86.800808,31.165522
-88.277689,32.310778,-88.277306,32.311231
-85.22659,32.030994,-85.225626,32.031691
-85.843458,34.142417,-85.842974,34.142891
-87.42307,34.469948,-87.421806,34.470886
-87.860296,30.834375,-87.859221,30.835196
-86.353352,33.276977,-86.35244,33.278234
-85.672257,33.250165,-85.671296,33.250967
-88.027577,32.357778,-88.02715,32.358114
-87.382905,34.834233,-87.382489,34.834597
-87.207959,32.000332,-87.206765,32.001095
-85.754534,32.021065,-85.753021,32.022224
-86.967064,34.567908,-86.966342,34.568962
-87.519807,33.217557,-87.516131,33.219943
-86.288806,34.37544,-86.275335,34.389687
-88.084277,33.425272,-88.083922,33.425645
-87.062144,34.937228,-87.060688,34.938226
-87.58939,31.898999,-87.588617,31.899969
-86.556694,34.548827,-86.555558,34.549483
-85.886923,34.800433,-85.885908,34.801643
-85.796952,34.452452,-85.795274,34.454294
-87.572434,34.963567,-87.571557,34.964163
-87.018109,34.058734,-87.017564,34.059236
-85.572118,32.440964,-85.57019,32.441878
-86.282366,32.334158,-86.276197,32.343161
-88.275702,32.499449,-88.26456,32.501686
-86.097371,32.445843,-86.095916,32.44717
-87.88182,33.117767,-87.880985,33.118505
-88.158469,32.372466,-88.157992,32.372819
-86.447239,34.596983,-86.445289,34.598435
-86.691631,32.998942,-86.691063,32.999667
-87.734969,34.12138,-87.733567,34.123609
-85.482724,31.87103,-85.482011,31.871607
-87.668239,32.13785,-87.667254,32.139279
-87.900683,33.47403,-87.900131,33.474303
-86.57736,32.503372,-86.577147,32.503526
-87.362662,32.382771,-87.361231,32.383961
-86.281261,34.020646,-86.28045,34.02113
-86.846518,33.509341,-86.840404,33.513576
-86.871853,33.099344,-86.861057,33.113528
-87.337535,31.427193,-87.335617,31.428332
-85.622726,31.448553,-85.621667,31.449817
-85.666056,32.429772,-85.539351,32.510877
-88.178521,33.592193,-88.177537,33.593484
-87.343318,31.994784,-87.340994,31.996554
-85.22469,31.30362,-85.223716,31.304356
-86.384279,33.450248,-86.382875,33.451532
-87.92646,34.352185,-87.92545,34.352986
-87.238875,31.41025,-87.237866,31.411317
-86.758526,34.749498,-86.758142,34.74985
-86.687276,34.668651,-86.682076,34.688507
-87.672362,34.505195,-87.671515,34.506228
-86.606552,32.889718,-86.605692,32.889977
-85.558297,31.779088,-85.556903,31.78074
-87.573531,33.908083,-87.572293,33.910124
-85.84963,34.864768,-85.846679,34.866087
-86.807676,34.809585,-86.800587,34.815436
-87.102759,33.231389,-87.101203,33.232854
-86.359405,32.143365,-86.358708,32.144032
-87.668032,33.673123,-87.667053,33.673771
-86.454688,32.582576,-86.453109,32.584017
-88.00911,34.175462,-88.00867,34.176054
-86.841701,32.815612,-86.840827,32.816032
-86.927619,33.442408,-86.921999,33.449421
-85.972404,34.925075,-85.971328,34.925947
-86.508051,32.817134,-86.507496,32.817566
-88.071767,30.805039,-88.069578,30.806053
-87.29805,34.833907,-87.296918,34.834384
-88.386016,31.971007,-88.38344,31.973173
-87.475527,34.852916,-87.474647,34.853994
-86.252108,33.310845,-86.250264,33.312208
-86.784964,33.446644,-86.77248,33.457403
-85.476399,32.203319,-85.474789,32.204658
-86.559553,32.050452,-86.557795,32.051278
-88.335387,31.802093,-88.334437,31.803047
-86.831183,31.575458,-86.829812,31.577045
-85.986739,34.579118,-85.985685,34.579482
-86.524375,34.802602,-86.523718,34.80297
-87.442765,32.449052,-87.439523,32.45243
-86.715384,31.563071,-86.714082,31.563678
-87.791701,30.476698,-87.791084,30.477189
-86.518028,31.824979,-86.517103,31.825918
-88.023323,31.144001,-88.022607,31.144267
-87.215491,34.347384,-87.21507,34.347901
-88.032516,34.165461,-88.03132,34.166542
-85.530851,31.888413,-85.530315,31.889033
-86.208836,31.863428,-86.20795,31.865046
-87.649515,34.929168,-87.64837,34.929761
-85.890076,34.294791,-85.888043,34.296922
-86.272457,34.73349,-86.269658,34.734414
-88.05115,34.178593,-88.05083,34.17907
-86.836351,32.960906,-86.835759,32.961347
-88.215236,31.158398,-88.214461,31.158857
-87.172506,34.294434,-87.171971,34.29483
-88.286957,32.650542,-88.285526,32.652071
-88.382818,32.319915,-88.382181,32.320608
-86.162747,31.200307,-86.160912,31.201205
-85.798162,32.860491,-85.796972,32.861798
-87.148095,32.07539,-87.146469,32.077045
-86.577131,32.763786,-86.576521,32.764409
-86.713981,34.755539,-86.70817,34.763828
-87.959232,34.143021,-87.958169,34.143897
-87.204785,31.736924,-87.203935,31.738427
-88.366119,32.402014,-88.364784,32.403212
-86.752003,32.893185,-86.751471,32.893799
-85.881631,31.274226,-85.878906,31.276965
-87.073344,31.106794,-87.072701,31.107805
-86.60257,34.843481,-86.601962,34.844025
-88.030711,34.226744,-88.029915,34.227421
-85.624964,34.502482,-85.624075,34.504299
-85.966289,32.985352,-85.965141,32.986173
-88.178106,32.025086,-88.177281,32.026162
-87.42117,31.027249,-87.4203,31.027839
-85.983292,34.884762,-85.982987,34.885079
-87.026539,32.476219,-87.025334,32.477157
-85.761003,32.492334,-85.760166,32.493077
-87.006521,34.615945,-87.004875,34.618941
-88.062471,33.863911,-88.061742,33.864671
-86.480615,31.291367,-86.478231,31.292981
-85.54088,32.301992,-85.536611,32.303677
-87.688249,34.945121,-87.687058,34.945809
-88.136235,33.361839,-88.135553,33.362356
-87.291561,34.403161,-87.290816,34.403831
-85.634713,34.492848,-85.624964,34.500085
-87.210001,34.320572,-87.209702,34.320801
-86.421871,32.195431,-86.420487,32.19621
-86.352681,34.715766,-86.351951,34.716647
-86.375448,32.032364,-86.374968,32.033251
-86.767741,34.05822,-86.76676,34.058971
-86.11428,34.851831,-86.113297,34.852844
-85.777438,33.821463,-85.776793,33.822189
-85.718703,32.441811,-85.710336,32.447068
-87.705207,34.002808,-87.704856,34.003205
-87.932807,33.017901,-87.93142,33.019047
-87.329222,33.103718,-87.328112,33.104322
-86.358438,32.975837,-86.345193,32.98686
-86.392347,31.559875,-86.391274,31.56045
-85.249481,31.569909,-85.248482,31.570874
-85.961009,34.671606,-85.959532,34.672697
-85.542118,32.298387,-85.541795,32.298613
-86.807623,33.502595,-86.801276,33.507482
-86.065972,32.111896,-86.06509,32.112958
-87.121161,31.01478,-87.120355,31.015877
-86.218946,32.052137,-86.217579,32.053863
-87.532712,33.89635,-87.53052,33.898348
-85.957862,34.739671,-85.956139,34.741629
-88.142863,30.685555,-88.128564,30.697976
-85.100741,32.071193,-85.100157,32.071709
-85.88311,34.874494,-85.881479,34.875044
-88.436889,31.263191,-88.43567,31.264057
-86.872582,32.863734,-86.871891,32.864491
-85.657256,31.99122,-85.656388,31.992407
-86.584197,34.720602,-86.582817,34.721791
-86.995645,34.801695,-86.9929,34.803967
-86.602919,34.479023,-86.602326,34.479845
-87.694941,32.626825,-87.682065,32.637828
-88.03068,31.345465,-88.029886,31.346062
-87.256299,32.238391,-87.253771,32.239953
-87.499387,32.626536,-87.498037,32.627335
-87.259112,33.738832,-87.258258,33.739656
-87.075409,34.436399,-87.075127,34.436666
-86.109642,33.654841,-86.108911,33.655582
-87.610095,31.986317,-87.609369,31.987025
-85.582327,32.098985,-85.580737,32.09968
-86.069655,34.465132,-86.066162,34.468247
-86.787737,34.625079,-86.758117,34.668441
-88.22008,32.088957,-88.218499,32.089837
-86.374021,33.535126,-86.372597,33.536316
-88.296633,33.349508,-88.295738,33.350293
-87.992537,34.123641,-87.990835,34.125157
-86.196906,34.441663,-86.195311,34.442589
-88.253681,32.690725,-88.252385,32.691643
-87.391203,34.416816,-87.390677,34.417649
-85.686709,32.567712,-85.685828,32.568652
-87.743317,34.038796,-87.74274,34.039665
-85.993339,34.676097,-85.992301,34.677299
-86.817671,32.899627,-86.817279,32.899929
-87.599228,33.386093,-87.598538,33.386772
-86.582817,34.719833,-86.576835,34.722533
-88.000789,31.371085,-88.000231,31.371538
-86.766435,34.794937,-86.765279,34.795577
-85.349253,33.277369,-85.348025,33.278284
-85.774846,34.416536,-85.771974,34.419478
-85.64132,34.491918,-85.608768,34.509391
-87.714323,34.810413,-87.707503,34.818691
-86.782969,33.325612,-86.781622,33.327067
-87.263726,34.801533,-87.263026,34.802175
-88.182011,33.20243,-88.180975,33.203252
-87.375021,34.789139,-87.368063,34.796097
-88.27126,33.511256,-88.270311,33.512192
-88.2544,30.690093,-88.244104,30.702836
-86.336151,33.363442,-86.325125,33.369999
-87.411315,34.854124,-87.410551,34.85526
-87.561296,31.710897,-87.560022,31.711754
-85.617961,34.981495,-85.616686,34.982439
-88.193725,30.689424,-88.173802,30.704894
-85.696983,30.99646,-85.696467,30.996944
-84.965961,32.243,-84.965363,32.243381
-87.760902,34.028711,-87.759845,34.029493
-87.305978,34.707027,-87.304857,34.707827
-85.67149,34.155623,-85.668002,34.157424
-86.726929,31.542322,-86.726224,31.543173
-87.910202,30.523102,-87.908501,30.524357
-87.315568,32.631549,-87.3125,32.635112
-85.788547,34.915711,-85.78723,34.916784
-87.910357,34.30599,-87.909814,34.306487
-86.8344,33.305431,-86.834018,33.305922
-86.27481,32.129331,-86.274052,32.130028
-87.602704,33.417718,-87.601291,33.418335
-87.387564,34.8149,-87.35966,34.854157
-86.476445,31.296225,-86.472148,31.299777
-86.547745,34.125398,-86.547222,34.126245
-88.301967,33.050493,-88.300741,33.051515
-85.594826,32.088155,-85.59429,32.08878
-86.693388,32.059271,-86.689251,32.061636
-85.599148,34.906285,-85.598183,34.906651
-85.245586,32.3962,-85.244132,32.397261
-86.136945,32.940434,-86.136347,32.941201
-87.432231,34.84599,-87.431826,34.846589
-87.801044,34.170272,-87.800672,34.17062
-88.196424,32.594804,-88.190579,32.597167
-88.107958,32.840539,-88.107586,32.84091
-87.049511,33.751792,-87.047979,33.753247
-85.999953,31.94694,-85.999319,31.947733
-85.551374,34.181376,-85.550278,34.182221
-87.438854,31.058559,-87.437978,31.060653
-85.62933,34.750401,-85.628392,34.750973
-86.705004,34.625147,-86.704588,34.625627
-85.402625,31.854224,-85.402141,31.854858
-87.860687,32.020052,-87.859613,32.021012
-85.16911,31.241759,-85.168179,31.242304
-85.659308,32.406151,-85.657728,32.40803
-86.669051,34.785482,-86.668523,34.78593
-86.138367,33.426747,-86.136146,33.428907
-86.65999,32.234364,-86.659109,32.235051
-86.387586,31.248512,-86.386873,31.24912
-88.168136,34.161808,-88.167811,34.16216
-87.262634,31.639107,-87.261567,31.640002
-85.633164,34.602908,-85.632294,34.603792
-87.707121,30.546452,-87.706493,30.54707
-85.497837,31.610879,-85.497214,31.612149
-85.626266,34.410182,-85.624964,34.417639
-85.950662,31.385697,-85.949963,31.386264
-86.313198,31.546018,-86.312578,31.546341
-86.854182,33.488135,-86.849147,33.491917
-87.698489,34.985086,-87.697707,34.985944
-86.155647,34.427331,-86.119225,34.446044
-86.293393,32.205706,-86.289291,32.212908
-87.278485,34.482197,-87.278207,34.482618
-85.56995,33.657747,-85.568494,33.658697
-87.61458,32.273328,-87.61256,32.27406
-87.473273,34.051456,-87.472781,34.051925
-85.38616,31.926073,-85.385642,31.926453
-86.17839,34.192652,-86.175383,34.196367
-87.149744,34.838186,-87.148523,34.838974
-87.470983,34.626503,-87.470051,34.627227
-87.733652,32.843547,-87.731198,32.845592
-87.667071,34.579334,-87.666452,34.579916
-85.567961,33.417883,-85.565953,33.418914
-86.045775,34.816149,-86.045051,34.817134
-87.532906,33.89418,-87.532309,33.894822
-87.154,33.108841,-87.152747,33.109398
-85.437767,31.029833,-85.436994,31.030448
-87.540428,33.214275,-87.532569,33.220106
-87.280556,34.475249,-87.279212,34.475918
-86.222665,34.411398,-86.175739,34.438614
-86.574785,32.186225,-86.573395,32.188761
-85.999545,32.079074,-85.998641,32.079852
-86.9785,33.39208,-86.973694,33.396969
-88.182029,34.023182,-88.180878,34.023936
-87.876653,33.397567,-87.875484,33.398215
-87.752845,31.001171,-87.751845,31.001946
-86.987947,34.605056,-86.986476,34.607167
-86.54898,32.933289,-86.548356,32.933825
-88.30022,32.69146,-88.299196,32.692551
-86.052892,34.730582,-86.051396,34.731449
-87.78262,31.706248,-87.780697,31.707682
-85.654626,31.227908,-85.646156,31.235018
-85.634716,34.56951,-85.632251,34.571222
-86.579542,31.98821,-86.576847,31.990656
-86.811572,33.49738,-86.809107,33.499476
-85.303102,32.786634,-85.301581,32.787979
-86.769712,33.100049,-86.768002,33.102403
-88.226156,33.157232,-88.225408,33.157837
-86.714167,31.555145,-86.713389,31.556005
-86.648469,34.71624,-86.634271,34.734988
-87.466712,34.128207,-87.465686,34.129295
-85.96749,31.605972,-85.966601,31.606703
-86.355935,34.698591,-86.354281,34.699598
-85.760808,33.812882,-85.760332,33.813445
-85.974671,31.806108,-85.973256,31.807135
-86.794481,33.472752,-86.793037,33.474218
-85.923632,34.843196,-85.922809,34.844029
-86.339695,31.452501,-86.338661,31.45333
-87.32722,34.833304,-87.321811,34.837148
-87.673649,34.290734,-87.672734,34.291421
-85.795696,34.902267,-85.795016,34.902889
