93,-86.174011,34.198769,-86.167195,34.203877
198,-86.303285,32.484327,-86.260687,32.520665
298,-86.778207,34.745706,-86.777871,34.745962
399,-88.154989,32.795201,-88.153745,32.795896
499,-86.959284,31.41676,-86.95643,31.419979
598,-88.034266,34.347443,-88.033053,34.348482
699,-86.824393,33.466513,-86.813863,33.475119
799,-87.009549,34.674517,-87.008954,34.674921
899,-85.102118,31.153121,-85.100815,31.154463
996,-85.986739,34.579118,-85.985685,34.579482
1108,-86.817671,32.899627,-86.817279,32.899929
1197,-87.78262,31.706248,-87.780697,31.707682
1299,-86.743578,31.622557,-86.742508,31.623458
1399,-87.165394,32.918249,-87.16115,32.922134
1499,-86.649243,32.961909,-86.648775,32.962266
1586,-86.300881,31.617315,-86.300318,31.617942
1699,-88.06862,34.767313,-88.067686,34.767998
1799,-88.044887,32.842039,-88.044102,32.842753
1920,-87.882723,31.508593,-87.881505,31.509611
2000,-85.293077,32.440058,-85.291946,32.441246
2100,-85.646901,32.015579,-85.646458,32.016197
2200,-85.827866,34.883561,-85.825074,34.88492
2300,-86.994853,33.442707,-86.992372,33.443639
2400,-87.366979,32.090514,-87.366354,32.091837
2500,-88.245717,32.091728,-88.241415,32.095616
2620,-88.012692,34.087547,-88.011575,34.088042
2699,-86.656133,34.039325,-86.654789,34.039998
2800,-87.72039,33.687437,-87.719531,33.688764
59,-144.88267,60.467618,-144.871358,60.476978
153,-152.521737,57.884035,-152.322156,57.972443
251,-132.994658,55.158504,-132.981228,55.17384
355,-162.273905,60.852209,-162.2629,60.863784
439,-149.859907,61.200217,-149.844727,61.202597
519,-133.7393,56.721923,-133.707821,56.74836
624,-135.455485,58.317874,-135.450582,58.324971
738,-148.83009,61.070628,-148.460007,61.427338
1868,-154.844337,59.97519,-154.836782,59.980197
915,-147.265625,70.207646,-147.172619,70.233136
1030,-151.262756,60.350554,-151.260682,60.353195
1126,-131.968059,55.144849,-131.960235,55.150991
1229,-144.608561,60.163255,-144.599376,60.16951
1320,-168.447558,53.041137,-168.436752,53.048905
1424,-135.301275,57.011031,-135.294076,57.013893
1490,-143.603869,70.133545,-143.566269,70.134619
1626,-160.864757,61.927326,-160.717932,61.949047
1732,-136.350987,58.19508,-136.348191,58.196566
1827,-147.577938,60.863492,-147.548154,60.877513
1956,-152.397076,57.780182,-152.392467,57.784827
2050,-131.244649,54.984484,-131.235617,54.9949
2164,-134.582826,58.052321,-134.532299,58.097806
2257,-134.323225,56.832187,-134.300617,56.845674
18,-111.860841,31.921574,-111.859921,31.922518
119,-109.909333,32.092453,-109.908307,32.093255
207,-112.077234,33.4401,-112.076191,33.441156
321,-111.96356,33.487434,-111.960832,33.489415
491,-111.764671,33.14031,-111.763671,33.140821
515,-112.008728,34.748729,-112.00677,34.74938
617,-110.919511,33.051557,-110.916313,33.055565
721,-111.0287,32.3562,-111.020108,32.362578
820,-109.542306,31.349575,-109.538904,31.353373
921,-112.149938,33.695471,-112.141769,33.698297
90,-90.963926,36.245586,-90.962935,36.24622
442,-90.783301,36.442187,-90.782727,36.442675
288,-94.334511,34.040082,-94.330045,34.044143
389,-93.337514,33.280791,-93.336541,33.28145
490,-93.874681,36.302574,-93.874113,36.303096
588,-93.93948,35.43853,-93.93835,35.43899
688,-93.443842,35.640573,-93.44319,35.64122
787,-93.01234,33.70568,-93.010593,33.70683
887,-93.017637,35.08686,-93.015474,35.087847
998,-90.849484,36.204667,-90.848549,36.205495
1087,-90.989505,36.09092,-90.987861,36.091998
1186,-92.829059,33.563513,-92.823584,33.56792
1288,-92.24741,35.35575,-92.245527,35.357402
1386,-93.874647,33.267178,-93.873291,33.268472
1483,-91.738318,36.165651,-91.737526,36.166137
1613,-93.630048,36.433343,-93.628135,36.434598
1690,-92.579469,33.841442,-92.578655,33.842361
1788,-94.34654,35.858766,-94.345801,35.859731
1889,-93.065165,34.119293,-93.063524,34.119868
1989,-92.987199,35.931489,-92.985676,35.932219
2087,-91.101305,35.296463,-91.09988,35.298033
2189,-92.774923,34.550582,-92.773098,34.552061
2289,-91.823367,36.30772,-91.822482,36.308982
2380,-92.318558,35.85808,-92.317753,35.858644
2490,-93.942356,33.456726,-93.939951,33.458557
2590,-90.787398,34.459624,-90.786759,34.460488
2689,-92.548808,35.344085,-92.548258,35.34458
2789,-92.407448,36.007259,-92.407232,36.007425
2890,-94.139048,35.797893,-94.138056,35.798498
2990,-92.490824,34.07705,-92.489725,34.078085
13,-122.155118,37.854468,-122.149346,37.857638
112,-122.325419,37.922659,-122.324744,37.924038
216,-121.860919,36.606377,-121.856889,36.609175
311,-121.649049,36.141349,-121.644764,36.148189
422,-119.51495,37.224662,-119.513904,37.226975
508,-119.392699,36.533479,-119.390722,36.534903
616,-122.274573,41.830512,-122.264425,41.837987
713,-122.463431,37.678977,-122.455229,37.683959
813,-116.469349,33.83771,-116.466892,33.839594
914,-121.203422,37.794895,-121.201709,37.7963
1005,-117.110648,33.464525,-117.108808,33.466029
1111,-117.702617,35.267719,-117.697578,35.270227
1287,-117.044565,32.598491,-117.043511,32.600232
1308,-117.790585,33.843654,-117.786152,33.845792
1408,-117.116464,32.7047,-117.108366,32.708964
1504,-117.337274,33.176493,-117.326574,33.180551
1600,-117.688202,33.520395,-117.685904,33.522024
1704,-117.796778,33.702978,-117.791713,33.706569
1825,-118.886609,34.282155,-118.884137,34.284351
1908,-117.285508,34.246077,-117.274742,34.250855
2016,-117.711657,34.050885,-117.711137,34.052226
2104,-117.696088,34.005914,-117.694335,34.008458
2217,-122.23619,37.745111,-122.226567,37.748079
2297,-119.782227,34.440281,-119.778018,34.441826
2579,-118.413526,33.953783,-118.409708,33.959759
2499,-117.91363,34.501958,-117.909699,34.502685
2596,-118.357332,34.169736,-118.35303,34.172531
2689,-118.446435,34.111708,-118.440263,34.117983
2792,-118.664173,34.598242,-118.662447,34.603889
2897,-118.129834,33.818806,-118.127887,33.822226
2995,-122.281078,38.107497,-122.279353,38.108628
3096,-122.010674,37.544557,-122.009762,37.545472
3197,-121.754459,37.93203,-121.753831,37.932202
3296,-116.325483,33.259722,-116.308622,33.270127
4611,-119.777241,36.715125,-119.77633,36.715862
3503,-115.559587,32.961368,-115.559027,32.962062
3600,-117.975555,33.795731,-117.973986,33.797131
3702,-119.171405,34.293613,-119.163355,34.298361
3805,-117.558736,33.862914,-117.555465,33.865928
3898,-118.25418,34.047345,-118.251776,34.049472
3999,-118.37777,34.027191,-118.375632,34.029048
4101,-120.502684,37.323164,-120.486868,37.332186
4202,-121.742168,37.679947,-121.738936,37.68409
4300,-117.199625,32.752537,-117.194848,32.756103
4399,-120.801767,35.479271,-120.801264,35.47968
4497,-122.203695,38.120694,-122.192138,38.125852
4600,-122.237657,40.175091,-122.236148,40.17617
4695,-117.666989,33.642255,-117.666447,33.642645
4798,-121.350037,37.954747,-121.339695,37.959523
4906,-118.077634,33.938947,-118.075097,33.941045
5005,-118.372689,34.186687,-118.371923,34.188146
5104,-117.277426,34.511083,-117.274787,34.514118
5207,-121.984991,37.534327,-121.982797,37.535818
5302,-122.029028,37.989253,-122.02728,37.9905
5395,-117.149397,32.912442,-117.14388,32.91569
5502,-119.322689,36.443466,-119.319371,36.446611
5601,-115.53422,32.974046,-115.533883,32.974425
5699,-117.765626,33.87941,-117.762668,33.880516
5787,-119.068335,34.071095,-118.936959,34.147437
5903,-116.541239,33.833984,-116.53689,33.836063
6010,-118.451542,34.065998,-118.450369,34.067091
6111,-121.659525,41.004888,-121.639848,41.029165
6206,-120.881979,38.583581,-120.881528,38.583919
6302,-121.727965,37.689697,-121.72433,37.691373
6398,-117.09325,33.255603,-117.091628,33.261492
6494,-122.329968,37.561307,-122.326941,37.563286
6605,-120.912425,36.023645,-120.905766,36.031994
6707,-119.700026,36.804014,-119.690823,36.808592
6806,-117.651076,33.493842,-117.646176,33.496974
6901,-119.179982,34.231305,-119.174793,34.237426
7001,-116.745715,33.538924,-116.744755,33.539795
7112,-118.731844,34.155333,-118.709752,34.168619
7211,-116.902506,34.458353,-116.900918,34.460515
7313,-120.402698,34.960152,-120.400264,34.961798
7412,-121.881372,37.646154,-121.878907,37.647571
7513,-117.071797,32.615951,-117.05935,32.623385
7649,-119.273011,36.3855,-119.266203,36.392561
7710,-121.928878,36.521769,-121.91203,36.539914
7816,-118.03833,33.756455,-118.0368,33.75825
7914,-117.87612,33.769668,-117.875685,33.770046
8013,-121.211366,37.814497,-121.209583,37.81594
8113,-118.248434,33.847816,-118.246204,33.848935
8224,-118.312755,34.199152,-118.304499,34.210731
8316,-117.296552,34.053056,-117.294498,34.054585
54,-103.036887,39.287285,-103.034337,39.289691
155,-105.141792,40.000133,-105.131052,40.007378
250,-105.006507,39.890199,-105.005319,39.891647
352,-107.41587,40.33904,-107.414627,40.340322
450,-104.968727,39.685168,-104.959395,39.687813
552,-104.998399,39.697348,-104.996763,39.698284
656,-104.769389,39.747372,-104.768095,39.748816
756,-104.899595,39.852577,-104.893711,39.854421
851,-105.095981,40.565617,-105.072022,40.57821
954,-104.805895,39.643961,-104.795949,39.649561
1052,-105.203556,39.729676,-105.198441,39.732678
1155,-105.955989,38.2543,-105.954558,38.25495
1248,-105.323365,39.942244,-105.283435,40.023975
76,-73.429617,41.828458,-73.427785,41.829686
176,-71.898159,41.905889,-71.894127,41.909296
276,-72.682246,41.751568,-72.681884,41.752101
375,-72.120532,41.375198,-72.108793,41.390714
475,-73.325187,41.950943,-73.323035,41.952218
27,-75.135157,38.584373,-75.124206,38.593649
129,-75.706304,39.318227,-75.705232,39.319164
74,-77.025239,38.91776,-77.016656,38.92798
90,-85.432698,30.459526,-85.431032,30.461382
192,-81.434692,30.691,-81.433264,30.692305
296,-85.608923,30.583301,-85.608459,30.583743
395,-83.360996,29.717771,-83.360165,29.718587
495,-85.320783,30.538292,-85.320541,30.5386
615,-82.426008,28.020043,-82.421278,28.026076
689,-80.066929,26.785914,-80.066327,26.786137
793,-80.239905,26.658321,-80.23887,26.659133
892,-81.4679,29.245137,-81.463191,29.247416
984,-80.969017,29.109282,-80.961746,29.115433
1077,-81.260069,28.74949,-81.222542,28.786783
1186,-81.734428,30.349967,-81.733353,30.351014
1290,-80.323627,25.666401,-80.322239,25.668296
1394,-80.208892,25.876792,-80.192848,25.88135
1488,-81.436646,28.565453,-81.433439,28.568716
1580,-82.379699,28.593167,-82.351239,28.633666
1688,-81.70542,30.011363,-81.699405,30.01754
1792,-82.072116,29.071577,-82.070097,29.073415
1894,-80.199154,27.167625,-80.14907,27.253251
1995,-82.608513,28.285811,-82.606189,28.287799
2095,-82.777943,28.178504,-82.776904,28.179428
2193,-81.751852,27.52291,-81.74978,27.524215
2293,-81.766701,27.748442,-81.765229,27.74929
64,-82.49536,32.147842,-82.494995,32.148186
165,-81.946823,31.700444,-81.945684,31.701508
264,-83.892145,34.297941,-83.88788,34.301263
364,-84.4312,30.842388,-84.429292,30.843809
464,-84.799091,31.484056,-84.798552,31.484513
564,-83.705709,34.242206,-83.705095,34.243115
663,-84.155748,31.123546,-84.154778,31.124276
765,-81.349519,31.203298,-81.347932,31.205576
864,-81.978803,30.87575,-81.973267,30.88338
965,-83.578626,31.297515,-83.576821,31.298317
1065,-84.046146,31.897106,-84.045028,31.898116
1162,-83.430757,34.849997,-83.429923,34.850931
1264,-83.648633,31.303844,-83.64768,31.304621
1365,-84.106008,32.440375,-84.104699,32.441253
1462,-83.977002,34.202309,-83.97672,34.202542
1565,-81.71939,31.589572,-81.716583,31.592388
1664,-83.885435,32.906588,-83.88488,32.907283
1764,-82.300516,32.702823,-82.300021,32.703229
1864,-81.756904,31.716527,-81.756164,31.717189
1962,-84.536258,32.191209,-84.535302,32.191671
2065,-84.004241,34.202022,-84.00251,34.203372
2164,-83.940368,34.812538,-83.939891,34.812867
2256,-85.469148,34.803124,-85.467433,34.804384
2365,-84.298253,32.40778,-84.297505,32.408502
2464,-84.671824,34.450081,-84.670435,34.450762
2562,-84.061372,34.921607,-84.060225,34.923168
2657,-85.146402,33.993964,-85.144515,33.994834
2764,-84.937249,34.383167,-84.935812,34.384759
2864,-83.743131,34.707573,-83.742111,34.708377
2965,-84.619288,34.52747,-84.61883,34.527825
3065,-83.921854,34.187279,-83.920013,34.188912
3165,-83.868801,33.631392,-83.867442,33.633007
3265,-83.718578,33.450361,-83.718365,33.450718
3365,-83.474732,31.403058,-83.473964,31.403589
3457,-82.345236,31.721243,-82.344284,31.721955
3565,-81.848563,32.035418,-81.847499,32.036263
3663,-81.50768,30.841715,-81.50239,30.843774
3765,-82.400489,32.880254,-82.398776,32.881078
3865,-81.122063,32.136406,-81.11916,32.143202
3965,-84.698085,33.255409,-84.697348,33.256589
4062,-83.841019,31.515894,-83.83683,31.518403
4165,-82.038678,32.293303,-82.037242,32.294921
4265,-82.733832,32.776252,-82.733256,32.776673
4365,-83.964776,34.334409,-83.961719,34.336322
4465,-83.280067,33.53561,-83.27636,33.539883
4557,-84.704651,34.222928,-84.704339,34.223925
4665,-82.756094,33.726309,-82.751196,33.732619
4757,-83.508398,34.411832,-83.507339,34.413511
4862,-83.704953,33.814997,-83.700095,33.819157
4961,-81.563453,30.834543,-81.541232,30.8478
104,-158.053601,21.497704,-158.051348,21.498983
162,-159.307871,22.09016,-159.306772,22.091127
256,-157.813088,21.305098,-157.809939,21.307135
452,-160.552076,21.649442,-160.54565,21.662317
463,-158.012586,21.314703,-158.009194,21.318925
563,-158.030853,21.642006,-158.024726,21.649077
81,-116.567559,43.590796,-116.566149,43.591753
180,-116.944241,43.786284,-116.94207,43.78796
279,-112.001481,42.315696,-112.001049,42.316484
370,-112.44403,42.865432,-112.442653,42.86655
481,-112.864436,42.569212,-112.862707,42.570533
580,-112.23459,44.177136,-112.232551,44.178492
681,-111.936938,43.494606,-111.934425,43.496445
781,-114.514953,42.723151,-114.513172,42.725127
58,-88.74318,39.052438,-88.741237,39.05646
159,-89.130253,40.237294,-89.128039,40.238364
257,-88.232994,42.216305,-88.230472,42.216861
357,-88.598464,37.463003,-88.597417,37.464126
461,-89.843654,40.477981,-89.827266,40.494685
557,-88.075464,41.689419,-88.073665,41.691093
658,-90.790906,39.921044,-90.790183,39.921847
758,-88.274839,42.34533,-88.272696,42.346379
853,-88.725599,42.435965,-88.724995,42.436654
954,-91.153432,40.304671,-91.152726,40.305699
1055,-90.876287,40.902803,-90.875556,40.903327
1154,-87.527219,40.835609,-87.525668,40.836026
1252,-87.699178,41.847611,-87.695328,41.848255
1344,-87.798448,41.598531,-87.794035,41.602279
1444,-89.859903,40.025599,-89.856929,40.027154
1547,-87.787576,41.60236,-87.785288,41.603833
1639,-88.132047,42.34511,-88.130274,42.3481
1752,-91.428326,39.935112,-91.417442,39.95069
1859,-87.626037,41.875672,-87.62418,41.876567
1988,-89.242386,39.834522,-89.240995,39.836267
2055,-89.511433,41.291307,-89.510011,41.292364
2157,-89.025291,37.399502,-89.024046,37.40066
2257,-88.728408,39.973072,-88.726351,39.974595
2359,-89.774105,41.966616,-89.768617,41.970591
2457,-89.26633,38.547702,-89.265426,38.548678
2555,-87.994556,41.931771,-87.988654,41.934237
2654,-88.866095,40.877054,-88.863296,40.878257
2756,-88.644572,41.04811,-88.643064,41.048879
2858,-90.299855,40.618628,-90.295033,40.623338
2956,-89.506382,41.835926,-89.503601,41.837734
3059,-89.100531,38.53823,-89.097442,38.540341
3156,-90.144301,39.6144,-90.143551,39.61495
3256,-88.253243,39.144117,-88.25239,39.144875
3350,-88.200862,40.141915,-88.189082,40.145754
3457,-90.833153,39.714163,-90.830792,39.715604
3559,-90.81481,39.518789,-90.813176,39.519869
3653,-89.928608,38.514274,-89.920498,38.517621
3757,-88.761862,41.92185,-88.76083,41.923676
3857,-90.404476,39.666415,-90.402312,39.667045
39,-85.840931,41.602665,-85.836936,41.60519
139,-87.196584,40.039365,-87.195909,40.040342
237,-87.283784,38.549235,-87.281988,38.549658
319,-85.83124,40.883902,-85.830676,40.884112
438,-85.115595,41.112228,-85.099927,41.122835
533,-85.365657,39.988243,-85.365337,39.988557
634,-85.603516,40.785289,-85.602283,40.786579
737,-85.063154,38.902525,-85.06235,38.902957
838,-85.178757,39.221336,-85.177913,39.221928
944,-85.472977,40.377642,-85.472399,40.378437
1035,-85.510187,41.345075,-85.50933,41.346104
1137,-85.616214,39.892412,-85.61553,39.893884
1238,-85.741529,40.103931,-85.739378,40.108987
1339,-86.62714,41.300135,-86.622458,41.304219
1430,-86.442789,38.947211,-86.374748,38.991447
1538,-86.650266,38.881918,-86.649601,38.882507
1637,-85.179173,41.335621,-85.178356,41.336662
1737,-86.358231,40.213244,-86.355521,40.215315
1838,-87.11285,39.615372,-87.112107,39.61675
1939,-85.83178,41.251524,-85.830462,41.252606
65,-93.264654,41.233322,-93.263331,41.236297
165,-94.546463,42.249981,-94.541528,42.252687
267,-93.602167,42.244583,-93.600837,42.245559
367,-94.470622,42.151716,-94.469275,42.154314
467,-92.675153,43.05795,-92.672565,43.058999
566,-92.508396,41.143602,-92.50551,41.144687
666,-93.122658,40.674858,-93.11992,40.679463
767,-95.653902,43.170385,-95.652185,43.171497
862,-93.34044,40.750004,-93.329971,40.757069
976,-94.521421,42.626546,-94.51912,42.627431
1067,-96.302158,43.199934,-96.299875,43.202393
1167,-96.080828,41.932652,-96.079622,41.933953
1266,-91.31073,42.281838,-91.30972,42.283296
1364,-91.834695,40.855493,-91.833555,40.857283
1464,-94.362123,41.05969,-94.361488,41.060463
1567,-92.370664,41.053421,-92.369597,41.05435
1666,-91.384985,40.819785,-91.384612,40.820079
1767,-95.494447,40.976943,-95.492933,40.977725
1866,-94.192626,42.511594,-94.192144,42.512021
1966,-91.400866,40.812517,-91.371845,40.83791
2067,-93.59799,41.011172,-93.596874,41.012034
2167,-95.409214,42.502023,-95.407319,42.503835
2267,-94.024654,41.163706,-94.023737,41.164557
2366,-91.675176,41.539088,-91.674609,41.539933
2463,-95.894962,41.638378,-95.893848,41.640319
2559,-93.480782,42.676819,-93.478673,42.678545
2665,-94.077355,42.265663,-94.073632,42.267997
2765,-91.814371,43.308716,-91.793088,43.320436
2862,-91.814841,42.967674,-91.813761,42.968907
2966,-91.450315,41.427222,-91.448918,41.428113
3076,-90.779224,41.586465,-90.776443,41.58723
3167,-91.331097,41.553767,-91.330246,41.554245
3267,-94.833926,40.91284,-94.833093,40.913998
3366,-92.913132,41.429114,-92.909545,41.430996
3466,-93.757772,42.951384,-93.756544,42.952069
3566,-92.824516,41.737963,-92.823,41.738884
3666,-94.406049,41.532831,-94.404497,41.534037
3766,-95.343483,42.293996,-95.34247,42.294984
3866,-91.329916,40.68822,-91.327833,40.689075
3966,-91.13212,40.821636,-91.130726,40.82214
4060,-93.808581,42.478602,-93.804029,42.487928
4163,-92.471983,42.718358,-92.466787,42.72577
4267,-92.395511,41.214954,-92.394482,41.21551
4365,-90.66906,42.070919,-90.667871,42.072282
4455,-95.753879,40.819776,-95.752668,40.820798
4567,-91.339402,42.425192,-91.336845,42.42666
4663,-94.701968,40.701582,-94.682451,40.726801
4766,-95.36742,40.761405,-95.366088,40.762321
4867,-91.396393,40.902664,-91.395045,40.903172
4967,-91.878479,42.084369,-91.873278,42.092336
97,-100.46164,39.579935,-100.460746,39.580671
197,-97.680531,37.50995,-97.679657,37.510913
296,-96.377286,37.634654,-96.376402,37.636466
395,-95.75232,38.187381,-95.750802,38.189204
495,-96.181528,38.248883,-96.178933,38.252205
594,-95.077889,37.024184,-95.073563,37.027683
695,-95.804356,38.636717,-95.802107,38.637156
797,-97.775824,38.224672,-97.772984,38.22845
895,-97.274934,39.581256,-97.272295,39.582591
997,-99.383448,38.378326,-99.382873,38.37876
1096,-98.389631,38.507176,-98.387879,38.50832
1197,-95.360194,38.538057,-95.35913,38.539259
1294,-100.042354,37.772816,-100.03297,37.780187
1396,-97.885616,39.595755,-97.883557,39.597109
1497,-98.593979,38.652348,-98.592548,38.653037
1597,-94.880529,38.020726,-94.878213,38.022825
1696,-99.106932,38.189118,-99.105156,38.190882
1797,-96.465726,39.985922,-96.46368,39.9865
1897,-99.103405,37.952971,-99.101266,37.956329
1997,-97.87016,38.383586,-97.869424,38.384813
2093,-97.862709,37.614581,-97.860171,37.616538
2197,-95.243323,38.087631,-95.240652,38.088992
2296,-99.330975,38.872495,-99.330016,38.873055
2395,-95.396795,38.931807,-95.375251,38.942397
2496,-96.931275,39.495227,-96.929939,39.496292
2597,-97.26676,39.741023,-97.266073,39.742081
2695,-97.055179,39.330319,-97.053692,39.331348
2797,-96.510077,37.099599,-96.507282,37.102296
2897,-95.537017,37.271747,-95.532229,37.273683
2997,-97.346094,38.24561,-97.345982,38.245864
3096,-97.363581,37.678528,-97.362736,37.679358
3197,-100.922491,37.110994,-100.919429,37.112389
66,-88.601701,36.751415,-88.6014,36.751575
165,-86.899259,37.455489,-86.89576,37.458647
266,-84.520939,39.045199,-84.514268,39.051828
365,-82.833931,37.920574,-82.833536,37.920912
465,-82.523119,37.477062,-82.519867,37.480943
564,-84.085837,37.081173,-84.068107,37.092764
665,-83.845079,36.982226,-83.844553,36.982646
762,-83.685678,36.883351,-83.685319,36.883593
866,-83.576078,36.934427,-83.575865,36.934654
967,-83.998913,36.674866,-83.998552,36.675302
1065,-83.776985,36.992369,-83.776489,36.992781
1159,-84.556757,38.037631,-84.554321,38.041965
1264,-84.551955,39.038494,-84.53966,39.051837
1360,-83.795111,36.829843,-83.794658,36.830113
1464,-85.509439,38.455981,-85.490377,38.46554
1563,-85.774532,37.972284,-85.774213,37.972564
1666,-84.552631,39.041464,-84.54573,39.047689
1841,-83.966104,38.768731,-83.965862,38.769194
1865,-84.022744,36.654355,-84.021252,36.654937
1966,-83.607981,36.962605,-83.607632,36.962903
2064,-84.971092,36.949471,-84.969933,36.951184
2166,-83.977267,37.315595,-83.976621,37.316159
2256,-83.833503,36.976527,-83.832988,36.977017
2366,-83.851828,36.985795,-83.851385,36.986348
78,-89.137076,29.262914,-89.136769,29.263046
175,-89.393668,29.358216,-89.393134,29.35859
264,-89.175012,29.318424,-89.173023,29.31976
366,-91.757246,29.770082,-91.748081,29.783205
472,-89.601076,29.838443,-89.60066,29.838677
566,-91.243921,30.829759,-91.242854,30.830778
675,-89.354019,29.07456,-89.353126,29.075269
762,-89.131697,29.193749,-89.129026,29.195965
869,-89.406276,29.123039,-89.405704,29.123589
975,-93.277454,30.288107,-93.249184,30.308124
1075,-89.50608,30.019516,-89.505332,30.019934
1174,-90.469102,30.506466,-90.468628,30.506887
1272,-89.483798,29.303329,-89.483409,29.303698
1365,-89.367563,29.096483,-89.367332,29.096829
1476,-92.514346,32.683303,-92.513298,32.684401
1571,-89.72879,29.336503,-89.728164,29.337398
1668,-89.911656,29.473553,-89.906963,29.476966
1773,-91.779439,32.312095,-91.777364,32.314124
1867,-89.786802,29.787574,-89.78643,29.787798
1977,-92.14554,30.948303,-92.143524,30.950473
2079,-89.146925,28.995806,-89.145923,28.996533
2178,-89.817278,29.650736,-89.810488,29.654697
2276,-89.336762,29.032434,-89.336105,29.032901
2387,-89.665507,29.631942,-89.664463,29.632774
2476,-89.787793,29.778088,-89.786183,29.779229
2575,-89.2359,29.243035,-89.235236,29.243536
2669,-91.073893,32.413348,-91.073401,32.413868
2767,-89.14249,28.99285,-89.141627,28.99363
2931,-89.737527,29.576874,-89.737005,29.577434
2971,-89.076186,29.130043,-89.075659,29.130489
3075,-93.833435,32.437705,-93.815638,32.453958
3178,-92.616145,30.306375,-92.614673,30.30766
3276,-88.98164,29.797743,-88.975267,29.820714
3375,-89.125633,29.18235,-89.125061,29.18275
3472,-89.38311,29.106334,-89.382354,29.10716
3573,-88.83779,29.969753,-88.836244,29.970906
3675,-89.645803,29.582756,-89.64396,29.583641
3772,-89.524889,29.92987,-89.524632,29.930335
3877,-91.61471,31.173847,-91.591055,31.212612
3979,-92.423117,30.492422,-92.422196,30.493083
4075,-89.907027,29.772552,-89.903701,29.775371
4184,-89.79309,29.350713,-89.791236,29.351606
4272,-89.789092,29.674709,-89.784698,29.67887
4389,-89.446309,30.12752,-89.417366,30.150167
9,-69.132569,43.868447,-69.118588,43.898549
108,-69.628753,43.878001,-69.626587,43.880298
209,-70.549125,43.378045,-70.546633,43.378432
303,-69.704534,43.846088,-69.703902,43.846537
405,-70.562595,44.353491,-70.561405,44.35395
508,-69.151892,44.440569,-69.147631,44.442013
608,-70.003825,43.89604,-70.002047,43.897158
709,-70.589394,43.552261,-70.589133,43.552514
808,-68.795579,44.014661,-68.792612,44.016367
935,-70.951579,43.906024,-70.950986,43.906742
1006,-68.353087,44.257065,-68.352202,44.257484
1100,-70.46546,44.868547,-70.464498,44.869036
1208,-70.790127,44.488528,-70.789565,44.488818
1307,-69.11479,44.345925,-69.113276,44.34724
1407,-68.834346,46.048296,-68.832573,46.050033
1511,-68.493819,44.120786,-68.490866,44.123691
1603,-70.634616,44.943411,-70.634124,44.943831
1694,-70.739294,44.438954,-70.738619,44.439605
1806,-69.694332,43.873316,-69.692905,43.87597
1905,-70.720639,43.401125,-70.720206,43.401428
2009,-69.098189,44.694404,-69.097709,44.694738
33,-75.776199,38.697715,-75.749343,38.748645
138,-77.285179,39.046569,-77.282211,39.048618
228,-77.671149,39.320977,-77.665234,39.327319
329,-77.511718,39.133495,-77.511398,39.133605
552,-76.10408,38.568744,-76.102081,38.570346
535,-77.01416,39.177127,-77.000434,39.180305
622,-76.077406,38.859175,-76.076565,38.859886
789,-75.221336,38.313895,-75.219871,38.314993
837,-76.388762,39.436174,-76.372036,39.455847
925,-75.110013,38.355134,-75.108742,38.356134
1032,-77.739091,39.705869,-77.722421,39.708712
1135,-77.257431,39.036235,-77.256904,39.03651
1234,-77.76185,39.572548,-77.75539,39.57735
1333,-77.158142,38.99023,-77.144371,39.004062
86,-71.081275,42.417652,-71.080655,42.418605
193,-72.62416,42.408996,-72.623329,42.409669
291,-71.107123,42.34117,-71.104427,42.343371
396,-71.128045,42.415105,-71.125615,42.416872
489,-72.054068,42.394462,-72.053207,42.395063
588,-72.091239,42.561059,-72.087064,42.565405
693,-70.891644,42.256778,-70.888827,42.2577
792,-70.772961,41.70962,-70.769162,41.710402
893,-72.611513,42.469801,-72.606422,42.47271
992,-70.634663,41.60021,-70.633366,41.600792
1091,-71.100101,42.335485,-71.099152,42.336224
30,-84.395598,42.025482,-84.39519,42.025816
109,-84.656363,42.059164,-84.655127,42.060541
207,-83.058198,42.6681,-83.056801,42.669135
306,-85.778216,42.118455,-85.777834,42.118658
406,-83.354326,43.903894,-83.354144,43.904273
507,-84.790226,41.897339,-84.789172,41.898927
607,-85.659226,44.973222,-85.657715,44.973941
707,-82.811985,44.028507,-82.811765,44.028678
806,-85.022223,44.134281,-85.021746,44.134815
909,-83.92521,44.312758,-83.922887,44.314708
1008,-85.079385,43.523737,-85.065563,43.527354
1108,-83.091089,43.466692,-83.08975,43.467813
1207,-84.778866,43.598715,-84.778288,43.599415
1307,-86.170911,42.196901,-86.166592,42.198691
1406,-84.737392,45.785126,-84.73259,45.788372
1504,-83.249479,43.65462,-83.247447,43.65599
1609,-84.173687,42.984926,-84.16997,42.987846
1709,-85.037896,42.008356,-85.036517,42.008825
1806,-85.443928,44.065914,-85.441964,44.068415
1904,-83.545692,45.309657,-83.543016,45.312871
2008,-85.788334,44.676493,-85.786995,44.67736
2108,-86.472465,42.073705,-86.471973,42.074598
2207,-85.075132,42.610921,-85.074691,42.611364
2304,-83.196767,42.081837,-83.19287,42.085641
2408,-86.342952,44.250304,-86.335237,44.255266
2506,-85.545313,41.97178,-85.543566,41.972247
2627,-84.933522,42.912793,-84.933021,42.913382
2706,-85.066537,42.973557,-85.065487,42.9741
2797,-86.138218,43.027445,-86.137902,43.027676
2901,-84.677474,42.394979,-84.676881,42.395484
2992,-85.723115,42.025265,-85.722429,42.025769
3109,-84.521782,43.19744,-84.520678,43.198083
3208,-85.997201,41.900683,-85.995384,41.901597
3307,-85.67664,46.259251,-85.675862,46.259634
3409,-83.795254,42.473222,-83.794494,42.474154
3508,-84.030922,42.433862,-84.030403,42.434334
3607,-85.830141,42.50374,-85.829725,42.503884
3709,-83.128503,42.472042,-83.126061,42.475619
58,-92.42556,46.647895,-92.421431,46.651811
148,-92.80667,46.35541,-92.80449,46.35793
257,-95.073814,45.116927,-95.072781,45.118032
357,-92.459411,43.713199,-92.458087,43.714445
456,-93.954097,44.321925,-93.951437,44.323716
552,-93.555414,44.214447,-93.525109,44.225872
656,-93.585865,44.239311,-93.585087,44.2396
759,-91.761315,44.128493,-91.746731,44.136568
852,-96.655495,47.998725,-96.654325,47.999611
948,-93.436308,44.225298,-93.434686,44.227011
1050,-96.084182,46.298448,-96.079539,46.301367
1150,-93.126343,44.894418,-93.118625,44.896231
1253,-93.325978,44.750501,-93.325699,44.750713
1356,-94.607028,43.80431,-94.606036,43.804691
1453,-95.01353,46.632739,-95.013091,46.633979
1720,-94.807361,45.676137,-94.806037,45.676716
1651,-94.724056,46.90469,-94.72304,46.905462
1753,-92.63526,45.932637,-92.625199,45.935279
1855,-95.463057,43.84453,-95.460816,43.84705
1952,-92.777907,45.902934,-92.750194,45.944138
2047,-92.741306,45.858585,-92.729109,45.874953
2151,-93.282061,43.571712,-93.280719,43.572529
2252,-94.724718,43.657281,-94.724022,43.65807
2349,-93.367432,43.653795,-93.365507,43.655511
2451,-92.967127,47.090061,-92.96353,47.092553
2555,-94.721227,44.305349,-94.718272,44.307146
2653,-96.68748,47.767801,-96.686597,47.769091
2757,-95.678834,45.74459,-95.677466,45.745189
2857,-94.445029,44.291347,-94.441312,44.292627
2954,-92.479455,47.480224,-92.476463,47.482082
3056,-91.629457,43.942892,-91.62692,43.94688
3161,-93.43061,47.285232,-93.42622,47.28686
3256,-92.791237,43.774924,-92.790715,43.775481
3353,-91.932081,43.825124,-91.92977,43.825906
3451,-96.496533,48.481059,-96.495326,48.482179
3556,-92.471627,48.278214,-92.469181,48.279792
3658,-94.83778,44.472542,-94.836698,44.473195
3758,-94.18778,44.27401,-94.18633,44.27502
3857,-93.475933,46.500136,-93.474634,46.501009
3958,-95.091648,45.353628,-95.090712,45.354566
4044,-92.979861,45.514689,-92.970599,45.518339
4155,-91.735631,43.559385,-91.733343,43.560341
4248,-92.219244,43.581116,-92.217818,43.582287
4355,-95.533622,45.791863,-95.533151,45.792387
4455,-95.544453,45.613836,-95.543198,45.61441
4556,-92.861025,46.218701,-92.832869,46.244793
4658,-95.45061,46.32403,-95.449891,46.3249
90,-90.83301,31.95473,-90.83229,31.95669
203,-89.255988,33.254784,-89.254689,33.255848
287,-88.562591,31.148504,-88.562031,31.151932
433,-88.7542,33.089483,-88.753176,33.090048
490,-89.541863,33.75609,-89.540544,33.75818
590,-89.421718,33.858881,-89.420601,33.86046
690,-88.704529,32.700668,-88.703926,32.701077
790,-88.341467,33.242184,-88.340844,33.242765
889,-89.493296,31.973884,-89.492463,31.97487
990,-90.013777,33.496607,-90.013119,33.498383
1090,-89.088594,34.263971,-89.088118,34.264656
1189,-90.08641,31.551095,-90.083592,31.554079
1290,-90.427716,31.575241,-90.426347,31.577692
1389,-90.480747,31.418229,-90.480294,31.41865
1489,-89.154801,31.917641,-89.153614,31.91838
1592,-89.685947,31.592779,-89.685173,31.593579
1711,-89.286129,33.492375,-89.285182,33.493217
1789,-88.573499,34.665359,-88.56913,34.667289
1889,-89.903882,31.986252,-89.902635,31.987165
1989,-90.520796,34.272209,-90.517994,34.273776
2091,-89.023309,34.356587,-89.022841,34.357897
2191,-90.538511,31.42058,-90.538118,31.420915
2291,-88.617832,31.033274,-88.617435,31.033508
2391,-89.218719,31.980068,-89.217739,31.98132
2491,-90.30161,32.1055,-90.301127,32.106557
33,-93.134343,38.734894,-93.133293,38.735582
133,-93.104193,36.690087,-93.103265,36.691262
235,-92.642687,37.572717,-92.642302,37.57304
335,-92.705874,40.24778,-92.70526,40.249802
435,-89.847801,37.727506,-89.845384,37.729056
534,-93.23113,38.28263,-93.230556,38.282907
634,-91.034268,37.910113,-91.03346,37.91086
735,-93.387198,39.787062,-93.385931,39.788053
835,-93.897101,37.018344,-93.895993,37.019237
944,-92.93189,37.262433,-92.93143,37.263149
1031,-93.519413,37.506869,-93.519028,37.507119
1134,-92.037341,37.691437,-92.036375,37.692012
1234,-91.502997,40.051489,-91.501134,40.052016
1334,-91.861372,36.728221,-91.853711,36.731279
1434,-93.579135,37.31585,-93.5753,37.318932
1535,-94.538207,40.333985,-94.537666,40.334672
1635,-92.55694,37.779438,-92.555893,37.78011
1729,-94.589437,37.505904,-94.504505,37.535667
1834,-93.565115,39.635328,-93.562034,39.636036
1933,-93.106839,40.328983,-93.105987,40.32964
2035,-94.35655,39.742322,-94.350562,39.74456
2134,-91.761963,37.951415,-91.753535,37.959387
2229,-91.444625,36.962858,-91.442933,36.963822
2333,-91.917302,36.67001,-91.915889,36.670608
2435,-92.74265,37.510852,-92.742061,37.511552
2535,-92.813523,39.389025,-92.798073,39.406708
2635,-94.125924,37.814947,-94.125437,37.815448
2725,-93.225617,37.718382,-93.224786,37.719658
2834,-91.532374,39.163622,-91.531443,39.164427
2934,-93.927192,36.938917,-93.922603,36.940513
3033,-93.993822,38.589615,-93.99287,38.589928
3135,-93.863267,36.569532,-93.849599,36.58424
3235,-92.946707,37.159238,-92.945112,37.161278
3335,-92.762066,40.277148,-92.761097,40.27818
3434,-93.790391,39.996253,-93.789562,40.003224
3535,-91.734592,37.71986,-91.734096,37.720365
3634,-93.714326,37.852098,-93.713645,37.85263
3727,-93.016281,40.167317,-93.015226,40.167968
3835,-91.269994,37.959312,-91.269165,37.959881
3935,-91.625385,38.584918,-91.62526,38.58504
4033,-91.645724,37.711267,-91.644962,37.711803
4130,-93.28838,36.552028,-93.286252,36.554111
4234,-94.035599,40.269359,-94.035115,40.269728
4335,-93.215319,36.644953,-93.213212,36.6464
4435,-90.728947,37.432134,-90.728083,37.432941
4535,-94.076483,38.257958,-94.075689,38.2587
4635,-90.448692,36.961191,-90.448257,36.961661
4735,-92.654325,37.906335,-92.654071,37.906481
4834,-91.095763,38.169267,-91.067206,38.204083
4935,-92.255654,37.565461,-92.254932,37.566089
5035,-91.441728,37.825323,-91.440978,37.825966
5135,-93.173394,36.69835,-93.173062,36.698834
5235,-91.56895,38.372869,-91.568436,38.373129
5335,-91.861918,37.596402,-91.860723,37.597104
5435,-90.393503,36.757673,-90.392443,36.75843
5534,-93.812853,37.086212,-93.810658,37.086978
5634,-92.569105,40.189791,-92.567319,40.190641
109,-108.448589,45.816227,-108.439388,45.819227
153,-115.605759,48.954054,-115.605051,48.95455
254,-114.312117,48.188781,-114.310259,48.189985
356,-105.698845,48.349092,-105.69722,48.350234
456,-112.868867,46.143988,-112.867311,46.144742
556,-114.007167,46.856008,-114.003652,46.857787
655,-108.526973,48.037157,-108.525696,48.037916
754,-104.708822,48.591965,-104.707465,48.593095
38,-99.316215,40.233378,-99.314708,40.234578
138,-98.575539,41.292589,-98.574027,41.293323
238,-100.114508,40.828809,-100.113435,40.829571
338,-97.331357,40.349075,-97.330713,40.350287
438,-102.725165,41.062476,-102.724459,41.063081
538,-98.57558,42.871721,-98.574219,42.872921
637,-98.761056,40.953045,-98.759961,40.953422
738,-97.214257,41.866144,-97.213669,41.866383
838,-95.93346,40.376613,-95.932179,40.377265
937,-98.891504,42.008269,-98.891242,42.00882
1038,-99.454049,40.648853,-99.453213,40.649594
1165,-97.38875,40.480905,-97.387598,40.48302
1238,-98.25726,40.253734,-98.256431,40.254897
1338,-101.531755,40.043251,-101.528948,40.046739
1438,-100.343021,40.060297,-100.342052,40.061793
1538,-95.861378,40.195468,-95.860054,40.196336
1634,-98.376466,40.580686,-98.375227,40.582555
1738,-98.0149,40.495569,-98.013976,40.496448
1838,-98.123546,40.314336,-98.122787,40.31503
1938,-96.74562,40.250154,-96.736906,40.255759
55,-116.220919,38.580547,-116.210503,38.592857
157,-114.633212,38.657309,-114.631023,38.670327
258,-118.633202,38.529936,-118.632249,38.53071
62,-71.549349,43.21707,-71.548107,43.218544
161,-71.318527,43.619499,-71.318211,43.619896
259,-70.8642,43.070387,-70.831035,43.095421
364,-71.558454,43.73836,-71.557912,43.739046
464,-72.275103,43.291678,-72.273716,43.293123
563,-71.751843,43.45047,-71.750026,43.451915
10,-74.551428,39.323451,-74.546145,39.326996
105,-74.670464,40.34269,-74.661889,40.347185
221,-74.177855,40.812748,-74.173915,40.815007
309,-74.514666,40.836248,-74.50666,40.841206
410,-74.174481,40.809937,-74.171217,40.811606
504,-74.401533,39.403268,-74.379499,39.417532
616,-74.37953,41.159159,-74.344175,41.194833
711,-75.082374,40.592764,-75.082057,40.59298
810,-74.439423,40.582384,-74.431519,40.583908
46,-104.671385,34.933275,-104.669603,34.934724
150,-105.944448,32.886516,-105.940001,32.890389
249,-106.480878,35.072182,-106.336949,35.217461
350,-103.329967,35.652729,-103.329237,35.653293
449,-107.227042,36.828117,-107.226577,36.82853
538,-105.951608,35.396662,-105.951022,35.397234
650,-106.488799,36.539573,-106.487106,36.541218
748,-106.673614,35.149367,-106.673046,35.150516
841,-107.177443,33.320337,-107.151061,33.374319
951,-104.515417,33.437905,-104.514503,33.439622
1044,-105.00987,35.80729,-105.008515,35.808535
58,-75.60694,42.618952,-75.605517,42.619907
158,-78.255383,42.480018,-78.253989,42.480728
256,-73.719269,44.706952,-73.718379,44.707569
358,-76.181508,42.779206,-76.181197,42.779465
454,-78.56018,42.676702,-78.559493,42.677173
555,-78.42092,43.265935,-78.419697,43.267965
651,-73.542504,40.625819,-73.541396,40.626426
750,-73.61572,40.611581,-73.610225,40.615012
854,-73.918943,40.863691,-73.911771,40.869551
957,-76.01644,44.328602,-76.012919,44.330972
1057,-76.024938,44.011753,-76.022476,44.0149
1158,-78.252206,43.314991,-78.251284,43.315457
1257,-74.670097,43.179785,-74.66925,43.180199
1358,-74.368946,42.952958,-74.366868,42.953989
1457,-74.613924,42.922214,-74.613423,42.922795
1556,-74.517579,44.72798,-74.485145,44.746348
1654,-77.615884,43.094836,-77.600648,43.108671
1754,-73.944736,41.044445,-73.923983,41.070437
1853,-74.997055,43.309038,-74.996179,43.309567
1958,-73.492351,42.454554,-73.49102,42.45517
2057,-76.451106,43.385368,-76.450203,43.386219
2158,-77.384338,42.148571,-77.383539,42.149025
2258,-77.312201,42.328801,-77.308388,42.33207
2358,-77.383364,42.026199,-77.382493,42.026688
2458,-72.593637,40.851766,-72.591701,40.853238
2557,-75.18665,44.181264,-75.185326,44.186024
2657,-72.532084,40.877701,-72.530777,40.880087
2750,-72.743303,40.779011,-72.738793,40.781074
2857,-72.82313,40.838935,-72.814449,40.852491
2957,-72.146673,41.0129,-72.143777,41.014564
3055,-74.401284,41.501932,-74.399461,41.50319
3154,-75.720188,43.193832,-75.719316,43.194647
3257,-77.305963,42.843882,-77.305383,42.844518
3358,-77.060317,42.9538,-77.058253,42.954584
3457,-78.509624,42.46758,-78.508029,42.46832
3558,-72.324415,41.069778,-72.276809,41.096159
3658,-73.905393,42.384892,-73.905017,42.385238
3758,-73.820946,41.019771,-73.805835,41.027605
3849,-73.681289,40.998678,-73.679107,40.999763
3943,-73.786733,40.881294,-73.778949,40.889048
4041,-73.775742,40.908142,-73.763013,40.916441
4146,-76.816606,43.223612,-76.815581,43.224152
4245,-74.300818,42.101671,-74.300365,42.102018
4356,-74.598067,42.355832,-74.597755,42.356121
4457,-74.827067,44.762061,-74.825977,44.763091
4558,-75.474305,44.415864,-75.473517,44.416493
4658,-77.683007,42.618168,-77.682198,42.619005
4755,-77.92082,42.888589,-77.920117,42.888898
4858,-75.057978,42.57592,-75.056876,42.576709
4958,-79.101562,42.154744,-79.098218,42.155621
5054,-76.812574,42.856716,-76.811897,42.857425
5149,-73.831781,40.62098,-73.744141,40.666201
5258,-76.683996,42.986823,-76.683254,42.987202
80,-78.573852,36.304445,-78.571534,36.306851
180,-77.905798,34.720037,-77.79414,34.772842
276,-77.587935,36.329788,-77.586831,36.330488
379,-79.176198,35.790577,-79.175996,35.790727
480,-77.303163,35.276897,-77.302844,35.277135
578,-79.140894,35.768937,-79.140409,35.769114
679,-80.312322,35.732254,-80.311066,35.733435
792,-77.597959,36.318625,-77.596945,36.319026
890,-80.82756,35.214902,-80.822099,35.218074
979,-81.9983,35.675533,-81.994417,35.678996
1079,-78.88481,35.087843,-78.878136,35.090076
1179,-83.149333,35.135611,-83.148501,35.136196
1263,-78.108286,34.921649,-78.107524,34.922304
46,-102.128871,47.934298,-102.126797,47.937385
146,-98.560474,48.476844,-98.5597,48.477114
246,-102.662829,47.355707,-102.661264,47.357521
342,-97.487809,47.16652,-97.486707,47.172788
443,-101.577231,48.256314,-101.575874,48.257361
546,-97.991162,46.934944,-97.98819,46.936504
646,-101.733015,48.451558,-101.731941,48.452229
746,-98.716134,46.91685,-98.712778,46.919422
846,-97.863519,48.469827,-97.862554,48.470631
946,-98.513522,46.263759,-98.512601,46.264513
1046,-97.265146,46.802774,-97.264337,46.80333
1146,-102.236671,46.524294,-102.235198,46.525634
1246,-101.636733,46.926919,-101.636353,46.927417
1346,-101.919028,47.646659,-101.917918,47.647589
1445,-103.009728,46.38055,-103.008828,46.381803
1546,-99.71548,47.2124,-99.714697,47.213271
1646,-97.751685,48.395382,-97.750923,48.395786
1746,-101.499525,47.862143,-101.498402,47.862503
18,-83.257028,39.658003,-83.255586,39.65923
115,-81.346618,41.201338,-81.345799,41.201998
219,-81.57398,40.34942,-81.571734,40.35055
314,-82.698758,40.447905,-82.697252,40.449111
420,-83.466034,39.11899,-83.465649,39.119227
520,-80.791694,41.554904,-80.789635,41.555843
617,-81.923728,39.113145,-81.922653,39.113807
720,-84.056717,38.840826,-84.056564,38.840994
817,-80.67072,41.844671,-80.665831,41.847336
953,-83.755735,38.85925,-83.754653,38.860074
1020,-84.555246,40.497583,-84.554269,40.499207
1143,-82.051111,40.343095,-82.049449,40.344524
1220,-81.051325,40.435848,-81.050396,40.436683
1319,-82.251379,40.998879,-82.249863,41.000054
1416,-84.260881,39.725399,-84.252516,39.731926
1519,-82.152757,38.985772,-82.151957,38.986217
1619,-84.580347,41.554697,-84.574187,41.557515
1718,-82.848113,39.9989,-82.843462,40.00203
1812,-84.044191,41.025328,-84.039207,41.028857
1915,-84.3815,40.383644,-84.378956,40.385743
2016,-82.753974,38.933933,-82.753397,38.93438
2120,-82.389378,39.706965,-82.389035,39.707284
2220,-80.94948,39.657304,-80.948138,39.658159
2319,-82.667419,39.752946,-82.647536,39.757004
2420,-81.926425,39.357015,-81.925606,39.35763
2518,-82.553384,41.154975,-82.552349,41.156006
2619,-83.535336,41.613189,-83.528041,41.615714
2718,-81.614668,40.220609,-81.61408,40.22111
2816,-84.204603,39.426455,-84.195502,39.430761
2918,-83.763166,40.363479,-83.762236,40.364179
3020,-82.390574,39.237715,-82.389727,39.238443
3119,-82.898309,39.309319,-82.89713,39.315785
3220,-81.560226,39.793699,-81.558628,39.794317
22,-99.818187,36.790283,-99.816932,36.79105
122,-96.717716,34.002209,-96.715132,34.003089
222,-96.865374,34.18878,-96.8638,34.19009
322,-96.656604,34.757498,-96.651299,34.766144
422,-96.427959,34.461989,-96.426305,34.463195
522,-98.472681,36.583139,-98.471225,36.58454
620,-94.691413,36.282151,-94.689626,36.283223
720,-95.306517,35.658199,-95.305469,35.659144
821,-95.588019,35.289916,-95.587765,35.290546
922,-94.500681,34.861539,-94.499551,34.862258
1022,-99.9298,34.668492,-99.927217,34.672443
1130,-97.294281,34.10483,-97.292563,34.105976
1222,-97.606559,36.992444,-97.597585,36.994827
1320,-99.962423,35.938811,-99.961618,35.941002
1422,-98.694103,35.533731,-98.69185,35.53477
1521,-95.64813,35.249458,-95.647662,35.249976
1620,-94.83731,36.74298,-94.83509,36.74568
1722,-101.225312,36.859877,-101.223827,36.861996
1822,-95.697419,35.76671,-95.696061,35.767718
1921,-94.66334,36.864289,-94.66137,36.865371
2021,-99.273239,35.421961,-99.270608,35.42326
2122,-96.365522,35.881783,-96.364323,35.882605
2222,-94.997112,34.056784,-94.995541,34.058502
2322,-98.021111,34.753667,-98.02074,34.754218
2422,-96.494791,34.927973,-96.494121,34.928515
45,-123.363497,44.536793,-123.361415,44.539002
146,-118.938608,44.392593,-118.936713,44.393324
238,-123.987185,44.98694,-123.98656,44.987378
343,-119.350309,45.916167,-119.348793,45.917133
447,-121.210501,45.150144,-121.20885,45.151856
545,-123.066908,43.789947,-123.065675,43.790526
641,-122.815316,42.613271,-122.813767,42.614352
737,-120.550465,42.689237,-120.548835,42.690385
848,-124.536145,42.874829,-124.506315,42.893348
940,-124.425512,42.405144,-124.421248,42.406775
1040,-123.49598,46.246654,-123.49453,46.247997
1144,-121.626185,45.693187,-121.616656,45.701399
1242,-118.093228,45.31331,-118.091291,45.314193
1345,-123.98034,45.215566,-123.967229,45.24607
1446,-122.979193,45.296889,-122.977551,45.298069
1554,-124.051191,44.647374,-124.047222,44.648425
33,-79.967688,41.697072,-79.966347,41.698256
139,-80.444995,41.554954,-80.44439,41.556053
233,-75.036693,40.176888,-75.029884,40.184174
381,-80.312941,41.538335,-80.312145,41.538972
433,-79.061538,40.55909,-78.999838,40.593396
530,-75.974983,40.396554,-75.965426,40.402869
631,-76.190186,41.311106,-76.189864,41.31151
754,-75.951009,41.191838,-75.945397,41.193884
810,-79.351525,40.316426,-79.349846,40.318209
931,-75.370143,40.647402,-75.358098,40.653732
1032,-77.483469,40.717554,-77.466125,40.728016
1127,-76.612616,40.382254,-76.611282,40.382962
1229,-79.74318,41.200328,-79.741011,41.201317
1343,-76.619938,41.539814,-76.619465,41.540177
1432,-75.506973,40.325035,-75.480054,40.336373
1919,-78.264788,41.077173,-78.264094,41.077541
1631,-79.522725,41.736241,-79.52173,41.73706
1728,-78.019401,41.778981,-78.014424,41.783496
1826,-77.662158,41.645327,-77.660499,41.646727
1933,-78.055256,41.756988,-78.052763,41.759532
2080,-77.50437,40.33758,-77.503038,40.338435
2133,-78.249562,39.919537,-78.249271,39.919809
2222,-79.681208,41.146233,-79.677722,41.150228
2327,-79.100419,41.00228,-79.098889,41.002957
2432,-75.500068,40.525626,-75.497015,40.527723
2521,-75.462382,40.638146,-75.425919,40.662382
2626,-77.911716,40.824229,-77.878825,40.848765
2728,-80.213647,41.402408,-80.213143,41.402937
2831,-79.816408,41.058479,-79.813538,41.059236
2931,-76.007501,39.852971,-76.007177,39.853348
3030,-80.393665,41.867641,-80.393021,41.868184
3129,-75.764863,40.120434,-75.764669,40.120532
3228,-75.757385,41.586788,-75.752566,41.593822
3333,-76.403439,41.804669,-76.402265,41.805509
3433,-77.579396,39.807423,-77.577459,39.808874
3532,-78.096611,40.557938,-78.09274,40.560735
3627,-75.505802,40.150615,-75.505369,40.151066
3729,-79.540083,40.971354,-79.539109,40.972011
3828,-80.519065,40.76794,-80.479155,40.79072
3973,-77.276079,40.00932,-77.256347,40.020323
21,-71.633787,41.363009,-71.630415,41.365947
124,-71.752681,41.736391,-71.751753,41.736904
221,-71.76265,41.633402,-71.762428,41.633615
338,-71.649445,41.461007,-71.649203,41.461217
131,-80.859838,33.57516,-80.858329,33.576324
167,-81.126149,34.342383,-81.125231,34.343153
269,-82.963585,34.887833,-82.96294,34.88843
367,-80.693489,33.340801,-80.689188,33.344928
466,-80.031315,32.894083,-80.02559,32.897427
569,-82.471527,34.627779,-82.469999,34.629455
662,-82.224731,34.872047,-82.19564,34.91772
769,-80.548065,33.804739,-80.546959,33.805191
864,-81.571205,34.715525,-81.569845,34.717557
75,-97.398681,42.866011,-97.386654,42.867995
176,-97.459063,44.498455,-97.457598,44.499153
274,-96.542108,43.591387,-96.541005,43.593936
376,-98.585304,43.198902,-98.584189,43.199646
476,-98.570864,43.98048,-98.569197,43.981217
575,-99.122669,45.029635,-99.120894,45.031007
676,-103.087484,45.891466,-103.087059,45.891787
775,-96.596017,43.213918,-96.569184,43.235711
874,-96.959367,45.817152,-96.958548,45.818168
976,-97.210483,44.629044,-97.208815,44.630016
1076,-97.30006,44.094089,-97.298342,44.094762
1243,-102.656628,43.122181,-102.656224,43.122542
1275,-102.116982,43.994627,-102.115924,43.995775
1375,-101.176066,43.559824,-101.175729,43.560137
1476,-101.350385,45.926929,-101.349229,45.927431
1576,-100.077992,45.845958,-100.070053,45.850609
1676,-100.71324,43.887645,-100.712476,43.888665
89,-88.234567,35.055585,-88.233479,35.05705
201,-88.802435,35.612367,-88.801035,35.613955
289,-83.648591,36.363559,-83.648144,36.363946
849,-83.021018,36.510705,-83.02038,36.511115
488,-84.225565,35.813747,-84.213281,35.822359
587,-84.54862,36.439214,-84.547686,36.440103
687,-86.56382,36.504885,-86.56296,36.505887
787,-86.021626,35.780517,-86.021286,35.781547
887,-83.376925,36.417219,-83.375571,36.418375
986,-87.769839,36.397959,-87.768861,36.398425
1087,-88.386431,35.920373,-88.384377,35.921366
1186,-85.176225,36.508555,-85.175281,36.509095
1285,-84.58355,35.368691,-84.569814,35.375075
1388,-86.755584,35.334295,-86.753842,35.335529
1486,-89.609827,35.758574,-89.606474,35.758947
1596,-84.528197,36.404673,-84.526903,36.405382
1685,-89.196447,35.585165,-89.187775,35.591974
1785,-83.514584,35.903684,-83.513245,35.904625
1883,-85.598142,36.246327,-85.597361,36.246749
1982,-84.134071,36.58708,-84.131888,36.588778
2082,-85.565957,36.602439,-85.565517,36.602885
2183,-88.811346,35.642742,-88.805751,35.652224
2280,-83.866973,36.449304,-83.865635,36.449972
2380,-85.582666,36.45724,-85.581191,36.458849
2484,-85.274736,35.038345,-85.272415,35.04056
2585,-86.148995,36.200462,-86.147383,36.201062
2690,-83.704752,36.329684,-83.703765,36.330446
2785,-83.732242,36.371863,-83.730976,36.372736
2897,-83.452304,36.539048,-83.45172,36.539518
3198,-84.541713,36.391602,-84.540762,36.392164
3080,-84.988934,36.371258,-84.987848,36.371922
3185,-86.82604,36.135316,-86.82494,36.136743
3287,-83.284288,36.212666,-83.283029,36.213612
3411,-86.771038,35.020893,-86.770284,35.021635
3488,-85.589553,34.996493,-85.589016,34.997068
3589,-86.039075,35.514562,-86.037953,35.515452
3689,-86.802116,36.101146,-86.794844,36.107534
3789,-84.140665,36.133478,-84.139958,36.134051
22,-97.965953,32.422919,-97.965121,32.423412
121,-96.069536,30.082932,-96.066374,30.084464
222,-95.858995,32.197099,-95.855914,32.200045
321,-103.158909,31.761777,-103.157846,31.763181
419,-94.929072,29.239462,-94.928511,29.240379
517,-97.792221,32.742979,-97.791085,32.745143
622,-94.669206,32.170173,-94.667653,32.172139
721,-95.760711,32.566833,-95.758841,32.568779
814,-98.187332,26.157658,-98.164447,26.168769
919,-94.42199,32.098569,-94.420404,32.099958
1020,-100.386589,34.466493,-100.385803,34.467415
1122,-101.562974,29.803697,-101.561769,29.804911
1222,-97.783658,29.935954,-97.78294,29.936617
1322,-101.495895,34.534504,-101.495485,34.5349
1429,-101.561169,33.667834,-101.560657,33.668377
1522,-96.809313,32.083267,-96.806181,32.085558
1621,-98.189003,26.198982,-98.187257,26.201677
1722,-98.016643,33.453541,-98.015377,33.455565
1840,-101.401761,35.674983,-101.398813,35.676801
1917,-94.172265,31.147704,-94.171448,31.148464
2019,-96.21551,30.983825,-96.214743,30.984479
2120,-95.60184,33.15299,-95.600532,33.154246
2219,-101.809856,33.606939,-101.801103,33.613284
2320,-94.185531,31.790171,-94.184294,31.791255
2417,-96.119379,32.813761,-96.118283,32.814656
2519,-97.004151,31.483426,-97.00203,31.484742
2620,-98.434021,32.112305,-98.432807,32.11316
2718,-95.024579,29.167763,-95.019862,29.16954
2822,-95.352002,30.763166,-95.350574,30.764675
2922,-101.376333,36.267307,-101.374249,36.269142
3021,-96.976453,30.66159,-96.974822,30.662376
3121,-97.732577,32.826416,-97.732034,32.826943
3221,-96.213894,32.370347,-96.212905,32.37173
3322,-96.126302,33.393179,-96.125849,33.393769
3422,-98.288465,31.472175,-98.285512,31.474641
3532,-95.012914,29.177556,-95.012385,29.177825
3622,-94.729646,31.373063,-94.724675,31.377016
3722,-98.377432,30.580731,-98.376569,30.581578
3817,-96.6652,33.707259,-96.662261,33.709108
3920,-98.159059,29.146913,-98.156751,29.149277
4021,-97.421828,29.508941,-97.419265,29.511178
4122,-97.638672,30.271075,-97.634609,30.27458
4222,-101.46288,31.197071,-101.461615,31.198491
4322,-94.347372,31.492526,-94.343824,31.494256
4422,-97.519471,27.713043,-97.502463,27.732274
4521,-96.250244,31.242864,-96.249182,31.243811
4620,-96.553387,30.737387,-96.551332,30.738346
4721,-96.718815,31.353995,-96.718196,31.354512
4822,-95.563527,30.457185,-95.56284,30.45801
4922,-97.294842,29.232217,-97.293824,29.232807
5022,-94.168365,30.329045,-94.167073,30.330132
5121,-103.216774,31.769653,-103.188348,31.789511
5220,-95.017837,29.285338,-95.017557,29.2855
5320,-95.634008,30.975389,-95.630832,30.980632
5421,-101.199601,36.187921,-101.198353,36.188919
5522,-96.547448,31.752602,-96.544937,31.754127
5620,-97.94774,32.864088,-97.946667,32.864805
5720,-99.112964,30.017214,-99.111388,30.019003
5832,-96.17566,33.575371,-96.174617,33.576273
5920,-94.962326,33.709577,-94.961066,33.710438
6022,-95.037351,29.151699,-95.037088,29.151842
6122,-95.54655,30.902304,-95.544801,30.903884
6221,-106.572992,31.848004,-106.569656,31.849948
6307,-96.812529,30.292159,-96.809557,30.29465
6422,-98.055567,31.158123,-98.053669,31.15976
6525,-99.347674,30.077917,-99.346537,30.078896
18,-112.929876,38.224017,-112.928027,38.225528
103,-109.556725,40.446252,-109.55343,40.448256
200,-111.487804,40.502095,-111.486136,40.503488
305,-111.840115,39.032999,-111.830744,39.034865
405,-111.984454,41.58715,-111.977234,41.597838
509,-112.317831,38.966038,-112.316108,38.96733
609,-112.057735,41.418178,-112.052712,41.421633
92,-72.714083,44.378685,-72.710402,44.380531
197,-73.171127,43.55796,-73.170554,43.558501
291,-73.001229,43.380276,-72.999944,43.382605
390,-73.237272,42.914404,-73.235748,42.915596
491,-73.255001,44.300994,-73.254133,44.302212
591,-72.277146,44.086374,-72.275603,44.087634
3,-83.272585,36.669275,-83.271732,36.669968
103,-82.392602,36.907078,-82.392031,36.907456
199,-81.420092,36.644061,-81.419611,36.644497
292,-77.29193,38.950557,-77.284249,38.965726
403,-78.572143,38.820901,-78.569435,38.822174
500,-77.067377,37.748943,-77.066527,37.749086
602,-82.456714,36.9257,-82.456195,36.926062
693,-77.821176,37.611589,-77.820657,37.611794
803,-83.293547,36.667808,-83.293186,36.66814
903,-78.449543,38.362333,-78.449209,38.362576
1001,-78.966206,37.342056,-78.965213,37.342987
1089,-77.199593,36.591642,-77.19758,36.593546
1219,-83.059623,36.670106,-83.059293,36.670428
1301,-82.421359,36.947255,-82.420698,36.94773
1403,-83.455204,36.617136,-83.454725,36.617497
1501,-83.189178,36.686815,-83.18857,36.687232
1603,-77.601512,37.596272,-77.591575,37.600407
1702,-77.426924,38.484092,-77.425991,38.485173
1794,-81.787148,36.633777,-81.785189,36.636112
1902,-82.664258,36.77808,-82.663601,36.778553
2003,-80.519628,37.440369,-80.518847,37.440802
2102,-77.970843,37.399299,-77.969867,37.400035
2198,-83.031057,36.658262,-83.030666,36.658682
2299,-76.646054,38.087077,-76.645725,38.087311
2403,-77.246031,38.919758,-77.240896,38.924098
23,-120.266761,46.40501,-120.265079,46.405495
111,-117.59012,46.47124,-117.58568,46.472445
220,-119.344454,46.288881,-119.343664,46.289402
318,-122.566837,47.128019,-122.562736,47.129719
416,-122.747006,45.900724,-122.741425,45.902094
516,-122.277106,47.923486,-122.266446,47.928734
609,-122.535153,45.820141,-122.526924,45.824597
712,-122.249376,47.503056,-122.245496,47.511198
812,-122.397681,47.539916,-122.396355,47.540986
911,-122.706519,45.863015,-122.696055,45.868182
1029,-119.442871,47.495732,-119.423516,47.496977
1109,-117.477096,47.22874,-117.47487,47.229783
1209,-123.105308,47.215219,-123.104446,47.215669
1315,-117.965065,46.313693,-117.96077,46.31696
1419,-121.045532,45.652706,-121.034187,45.656494
1531,-118.330311,47.074533,-118.32941,47.07557
1612,-121.478883,45.747597,-121.476292,45.749315
1719,-118.250133,47.472909,-118.248144,47.474747
88,-82.265055,38.177006,-82.263818,38.178046
187,-77.907909,39.216137,-77.906788,39.216972
285,-81.096164,39.002632,-81.095678,39.002987
388,-80.914584,37.625048,-80.891896,37.636882
485,-80.448251,38.381208,-80.447966,38.381514
581,-81.541243,38.634832,-81.540862,38.635066
692,-80.860116,39.645321,-80.858301,39.648041
779,-79.83692,38.981473,-79.834516,38.984583
886,-81.620165,38.652575,-81.619608,38.652907
987,-81.252779,38.019166,-81.249784,38.020312
1087,-81.505498,38.693469,-81.504796,38.693993
43,-92.024025,45.409609,-92.022748,45.410071
148,-88.075762,44.494516,-88.07256,44.496759
258,-88.979748,44.641341,-88.976637,44.64545
348,-89.42508,43.751075,-89.423732,43.7518
448,-88.595377,42.884277,-88.593263,42.885879
548,-92.589507,45.556112,-92.58857,45.556967
648,-89.974313,43.890974,-89.973239,43.892116
746,-91.306266,44.452451,-91.304945,44.453407
839,-88.693302,43.837642,-88.693089,43.837793
931,-90.282495,45.538092,-90.269873,45.539297
1031,-88.752612,43.386025,-88.751315,43.386806
1135,-88.315569,42.621602,-88.305891,42.636026
1228,-91.955966,44.66872,-91.89924,44.683885
1346,-89.821279,44.385792,-89.819681,44.387288
1438,-89.746358,43.483242,-89.73878,43.489186
1538,-89.600187,44.533816,-89.599896,44.535097
1642,-90.356761,43.446985,-90.355826,43.44781
1742,-91.416048,46.560276,-91.414551,46.561041
1846,-91.735201,45.455303,-91.733883,45.456175
1949,-89.245775,42.62147,-89.243351,42.623163
2049,-91.184118,43.69447,-91.183532,43.694841
2138,-89.805622,44.396151,-89.801681,44.399676
2249,-89.526367,42.834698,-89.525579,42.835527
2380,-90.281674,43.753875,-90.28074,43.755342
2445,-88.03489,43.908734,-88.032294,43.910746
2547,-87.357861,44.850736,-87.355121,44.852615
2645,-89.48848,44.440854,-89.487705,44.441579
2748,-89.689833,43.11811,-89.680838,43.12487
2848,-90.25,42.65151,-90.249099,42.652267
2948,-92.259345,44.491752,-92.258627,44.492605
3048,-88.704103,43.206145,-88.702653,43.209996
3156,-89.588027,43.626965,-89.587078,43.627788
3260,-88.813314,43.335973,-88.811397,43.338026
3349,-90.626488,46.185408,-90.624798,46.187622
3449,-90.9067,46.428575,-90.905843,46.429266
3546,-92.551626,45.12064,-92.549694,45.121501
3667,-92.208684,45.815118,-92.208307,45.815345
3748,-92.3864,45.867848,-92.385484,45.868466
3835,-90.834177,42.969892,-90.833497,42.970611
3949,-88.237329,43.580004,-88.237166,43.580197
4047,-87.807427,44.326923,-87.806913,44.32745
4148,-89.802026,43.658059,-89.799946,43.658964
4241,-89.576133,44.511327,-89.574131,44.512455
4371,-88.587049,43.747615,-88.586788,43.747763
4447,-88.824853,44.043702,-88.823875,44.04514
4552,-88.781471,43.73498,-88.780885,43.735846
4682,-88.981452,43.364745,-88.979312,43.365823
54,-107.671179,42.775455,-107.668214,42.777593
153,-105.38125,42.75951,-105.38056,42.76088
269,-108.77454,42.772655,-108.769091,42.778024
355,-108.75994,44.77925,-108.755222,44.78262
451,-110.012559,41.018016,-110.011852,41.018505
33,-170.842025,-14.324458,-170.840618,-14.323842
45,145.602217,14.989299,145.634194,15.000053
58,-66.213476,17.929402,-66.183279,17.944836
161,-65.353959,18.318271,-65.35295,18.319737
261,-66.754611,17.965826,-66.753529,17.96685
72,-64.801857,17.71308,-64.79399,17.721527
