10,-86.526077,32.444533,-86.525649,32.445031
20,-86.442379,32.448082,-86.44146,32.449317
27,-86.603627,32.400132,-86.601147,32.40728
37,-86.542445,32.387444,-86.539547,32.388897
46,-86.544181,32.650306,-86.542524,32.651378
57,-86.507307,32.577015,-86.506406,32.578038
68,-86.490007,32.617213,-86.489853,32.617351
78,-86.796932,32.396189,-86.794365,32.398093
87,-86.569844,32.583942,-86.569074,32.584237
97,-86.913477,32.663486,-86.912995,32.663832
109,-86.898475,32.551603,-86.897727,32.551938
119,-86.494162,32.660155,-86.493889,32.660435
129,-86.785239,32.333861,-86.783211,32.335807
138,-86.435938,32.60562,-86.43533,32.606009
145,-86.918091,32.659391,-86.917553,32.659967
173,-86.465109,32.448721,-86.465046,32.448783
167,-86.463688,32.422158,-86.462423,32.422674
179,-86.455076,32.673567,-86.453658,32.67454
190,-86.58918,32.645597,-86.587951,32.646191
199,-86.684867,32.688074,-86.684598,32.688359
209,-86.465079,32.44901,-86.464995,32.449081
220,-86.895501,32.556995,-86.894679,32.558646
229,-86.819055,32.388905,-86.816007,32.392293
238,-86.626279,32.684998,-86.625336,32.685879
248,-86.439276,32.61168,-86.438772,32.611877
258,-86.431695,32.682328,-86.430993,32.682927
268,-86.444718,32.671506,-86.444497,32.671742
278,-86.899652,32.578955,-86.899314,32.579124
288,-86.46199,32.420454,-86.461714,32.420778
298,-86.519585,32.512307,-86.517834,32.51388
308,-86.895273,32.560999,-86.895106,32.561242
320,-86.444036,32.444833,-86.443817,32.445129
325,-86.728888,32.447404,-86.728547,32.447775
340,-86.599088,32.634817,-86.598152,32.635284
350,-86.509202,32.542195,-86.508947,32.542657
360,-86.897121,32.562102,-86.895954,32.564065
380,-86.54146,32.381164,-86.540856,32.381935
378,-86.770079,32.645325,-86.768922,32.646248
389,-86.643446,32.403879,-86.628235,32.431317
390,-86.508363,32.366127,-86.500553,32.383834
409,-86.454341,32.508927,-86.453952,32.50914
415,-86.5399,32.386179,-86.536939,32.387565
425,-86.467912,32.699982,-86.467386,32.700368
440,-86.898519,32.559924,-86.898093,32.560229
450,-86.499056,32.425644,-86.498032,32.42698
460,-86.474486,32.587638,-86.471996,32.591318
465,-86.542967,32.467036,-86.542141,32.468314
480,-86.506742,32.529814,-86.50623,32.530185
490,-86.59305,32.375137,-86.592192,32.376472
500,-86.647033,32.425738,-86.646124,32.426138
509,-86.470179,32.41662,-86.469294,32.41713
519,-86.916647,32.658614,-86.916368,32.658835
530,-86.539661,32.494446,-86.537106,32.496546
540,-86.624978,32.407117,-86.60039,32.431171
550,-86.561437,32.434417,-86.560327,32.436329
560,-86.523041,32.454158,-86.522233,32.454974
569,-86.445209,32.56308,-86.444804,32.563493
579,-86.564009,32.416517,-86.563473,32.416956
589,-86.705819,32.677107,-86.704981,32.677795
599,-86.492802,32.595511,-86.49198,32.596162
610,-86.511226,32.541784,-86.510877,32.542129
620,-86.442442,32.438755,-86.442097,32.439155
3,-87.684568,30.620945,-87.678958,30.626814
12,-87.661456,30.274856,-87.660423,30.27578
33,-87.853275,31.253291,-87.84194,31.260007
29,-87.639588,30.491424,-87.63734,30.494538
40,-87.771526,30.695758,-87.770171,30.698332
465,-87.697858,30.585712,-87.697343,30.58585
70,-87.625689,31.033748,-87.624591,31.035293
113,-87.822571,30.384922,-87.822216,30.385406
76,-87.725025,30.391104,-87.724809,30.391621
85,-87.663653,30.284329,-87.663298,30.284456
95,-87.956846,30.243893,-87.944224,30.248974
100,-87.815193,30.581031,-87.814952,30.581223
110,-87.681906,30.440545,-87.681424,30.440903
122,-87.926511,30.235246,-87.925865,30.235417
129,-87.915376,30.855514,-87.914768,30.857901
139,-87.6782,30.363082,-87.677813,30.363764
156,-87.650175,30.409549,-87.649832,30.409873
166,-87.88581,30.230573,-87.88562,30.230776
176,-87.606435,30.469747,-87.605997,30.470116
186,-87.631832,30.582429,-87.631076,30.583166
196,-87.758163,30.600421,-87.757832,30.601406
205,-87.855588,30.491418,-87.853961,30.49458
215,-87.528723,30.43355,-87.528088,30.434419
227,-87.63308,30.463825,-87.632597,30.464122
237,-87.490581,30.52369,-87.490314,30.523894
249,-87.754043,30.297345,-87.75332,30.298005
259,-87.799295,30.233877,-87.798382,30.23418
269,-87.814406,30.897283,-87.813972,30.897734
279,-87.899998,30.237123,-87.898788,30.237354
288,-87.774185,30.421788,-87.773905,30.422783
298,-87.8741,30.956857,-87.873003,30.958111
305,-87.861953,30.439031,-87.860022,30.440406
315,-87.869574,31.200463,-87.86691,31.203512
328,-87.885495,30.731511,-87.88163,30.734745
331,-87.923679,30.968365,-87.891884,30.981048
348,-87.525296,30.362261,-87.524896,30.362745
362,-87.938386,30.946968,-87.927114,30.974432
367,-87.601381,30.716008,-87.600967,30.716437
377,-87.833961,30.584148,-87.833567,30.584544
387,-87.868812,30.539659,-87.868494,30.539857
397,-87.840358,30.233231,-87.839852,30.233341
419,-87.884864,30.235891,-87.884623,30.236023
414,-87.720689,30.40472,-87.720029,30.405182
426,-87.577337,30.392599,-87.577013,30.393198
437,-87.597959,30.62474,-87.596115,30.62658
447,-87.424955,30.638646,-87.424548,30.639053
457,-87.403197,30.426839,-87.402797,30.427021
468,-87.678461,30.565195,-87.677876,30.565453
478,-87.456103,30.514877,-87.455906,30.515251
488,-87.737951,30.294426,-87.73771,30.295021
498,-87.661426,30.564065,-87.659976,30.565171
508,-87.524146,30.41759,-87.523771,30.417909
518,-87.640603,30.467854,-87.640368,30.468261
527,-87.476596,30.523151,-87.475808,30.523932
537,-87.738183,30.435661,-87.737656,30.435815
547,-87.707588,30.356198,-87.707315,30.356644
557,-87.494478,30.371209,-87.493634,30.371902
567,-87.8421,30.232818,-87.841536,30.232911
578,-87.940861,30.67781,-87.940339,30.678206
588,-87.708309,30.411059,-87.708055,30.411703
598,-87.87282,30.235584,-87.87156,30.236041
615,-87.412749,30.573472,-87.394672,30.623112
617,-87.924184,30.654289,-87.915462,30.666363
625,-87.5,30.296696,-87.497857,30.298599
636,-87.979792,30.71316,-87.97664,30.714396
654,-87.766837,30.924645,-87.766371,30.924798
682,-87.764962,30.882726,-87.764707,30.883287
665,-87.735709,30.500944,-87.733471,30.504222
684,-87.544716,30.383693,-87.544342,30.383951
688,-87.531175,30.700207,-87.528731,30.702606
697,-87.476985,30.431783,-87.47642,30.432261
707,-87.725972,30.299277,-87.725414,30.299387
719,-87.870393,30.234557,-87.869329,30.234706
729,-87.451653,30.408349,-87.451437,30.408635
737,-87.744156,30.487684,-87.743775,30.488399
747,-87.772254,30.442426,-87.772031,30.442838
757,-87.596272,30.429176,-87.595999,30.429374
770,-87.733893,30.850058,-87.733606,30.850256
780,-87.496701,30.345458,-87.495483,30.3462
790,-87.737556,30.61957,-87.736799,30.619817
800,-87.476113,30.507501,-87.475891,30.507903
810,-87.454996,30.508413,-87.45471,30.50865
820,-87.474295,30.40369,-87.473959,30.403943
830,-87.746662,30.463485,-87.746307,30.464283
840,-87.654296,30.481489,-87.653394,30.481726
847,-87.879232,30.705872,-87.874527,30.709452
859,-87.730877,30.436835,-87.730001,30.437561
869,-87.593409,30.273015,-87.5923,30.273268
877,-87.669082,31.023692,-87.668871,31.024115
887,-87.738011,30.243123,-87.737918,30.243242
897,-87.750627,30.549405,-87.750436,30.54974
907,-87.744619,30.908324,-87.742424,30.91021
912,-87.989499,30.677752,-87.983834,30.68097
922,-87.809824,31.296803,-87.797443,31.319017
928,-87.590322,30.747087,-87.588437,30.749287
945,-87.6923,30.456855,-87.691824,30.457388
963,-87.456606,30.423916,-87.455578,30.424284
958,-87.697975,30.608628,-87.697581,30.609013
972,-87.614116,30.719331,-87.613358,30.720035
981,-87.436567,30.484328,-87.435798,30.4849
991,-87.73429,30.353061,-87.734132,30.353617
999,-87.879829,30.826202,-87.87598,30.828162
1009,-87.884276,30.234241,-87.883737,30.234362
1022,-87.819172,30.566691,-87.818847,30.567131
1032,-87.691208,30.592121,-87.690089,30.592358
1047,-87.927284,30.232562,-87.924744,30.232743
1036,-87.582394,30.390024,-87.582051,30.390442
1062,-87.810893,30.252763,-87.81036,30.253088
1072,-87.476611,30.513101,-87.476395,30.51353
1081,-87.534533,30.403786,-87.533391,30.40433
1091,-87.782224,30.429529,-87.781767,30.430057
1101,-87.636698,30.378459,-87.636026,30.379311
1110,-87.599674,30.558314,-87.598714,30.558936
1120,-87.449001,30.523442,-87.448327,30.524477
1131,-87.854618,30.454878,-87.854237,30.455202
1141,-87.562652,30.296177,-87.562208,30.296508
1152,-87.471688,30.478179,-87.47139,30.478333
1162,-87.869245,30.4948,-87.868401,30.496286
1171,-87.705196,30.394018,-87.704657,30.394733
1181,-87.752997,30.35128,-87.752788,30.351825
1193,-88.024583,30.225581,-88.022195,30.226698
1211,-87.49998,30.3289,-87.366591,30.450397
1214,-87.438508,30.481596,-87.434388,30.485808
1213,-87.922805,31.108747,-87.913896,31.138436
1231,-87.860787,30.993158,-87.860053,30.993873
1227,-87.636941,30.903008,-87.635595,30.903651
1253,-87.610195,30.658056,-87.609278,30.658513
1263,-87.76458,30.882104,-87.764229,30.882847
1273,-87.466557,30.479308,-87.466163,30.479632
1283,-87.747743,30.293251,-87.747471,30.293383
1293,-87.858281,30.234072,-87.857818,30.234204
1303,-87.8958,30.232424,-87.895388,30.232556
1313,-87.777828,30.586731,-87.777517,30.586923
1323,-87.510591,30.413136,-87.510165,30.413614
1333,-87.638651,30.304813,-87.638086,30.305
1342,-87.4311,30.643498,-87.430731,30.643718
1352,-87.585039,30.491085,-87.584614,30.491553
1362,-87.720961,30.582589,-87.720681,30.583222
1372,-87.441228,30.620103,-87.440859,30.620747
1382,-87.566536,30.703011,-87.565447,30.703935
1392,-87.418353,30.567971,-87.417991,30.568543
1402,-87.459939,30.477934,-87.459348,30.478803
1413,-87.606764,30.564033,-87.606421,30.564352
1423,-87.57822,30.548478,-87.57761,30.54889
1433,-87.716172,30.409099,-87.715347,30.409732
1443,-87.875494,30.235645,-87.874683,30.235822
1453,-87.556458,30.297294,-87.556167,30.297734
1463,-87.846763,30.233053,-87.845996,30.233213
1480,-87.867268,30.623994,-87.866396,30.625194
1478,-87.812416,30.898097,-87.812033,30.898372
1493,-87.760667,30.589503,-87.759866,30.590763
1503,-87.716661,30.38901,-87.716375,30.389291
1513,-87.888792,30.706024,-87.878911,30.711791
1564,-87.436205,30.47518,-87.435589,30.475626
1544,-87.668805,30.253635,-87.668203,30.254262
1550,-87.633739,31.006812,-87.633471,31.007115
1567,-87.438606,30.483255,-87.438091,30.483629
1556,-87.438174,30.477105,-87.437043,30.478371
1577,-87.765421,30.882666,-87.765071,30.883221
1587,-87.890164,30.476279,-87.889268,30.477044
1595,-87.828908,30.248663,-87.827926,30.250419
1605,-87.863567,30.484264,-87.863154,30.485369
1617,-87.454925,30.428443,-87.45403,30.428993
1627,-87.765777,30.430559,-87.765403,30.430707
1637,-87.664192,30.285149,-87.663868,30.28527
1647,-87.664068,30.436297,-87.663516,30.436621
1658,-87.529521,30.45897,-87.528874,30.459635
1668,-87.665195,30.274268,-87.662058,30.27715
1678,-87.48665,30.526773,-87.485303,30.52779
1688,-87.627983,30.290369,-87.625966,30.292707
1698,-87.550047,30.373097,-87.54961,30.373333
1708,-87.531653,30.465852,-87.531348,30.466121
1718,-87.643983,30.463224,-87.643742,30.463383
1728,-87.663442,30.637637,-87.662799,30.637802
1738,-87.854145,30.594934,-87.853834,30.595396
1748,-87.790394,30.234311,-87.789792,30.235515
1759,-87.854556,31.053337,-87.853981,31.054008
1769,-87.687447,30.293727,-87.687257,30.294194
1779,-87.786494,30.370505,-87.786209,30.37095
1789,-87.80156,30.899449,-87.799283,30.900483
1796,-87.514816,30.339202,-87.504793,30.362021
1801,-87.611224,30.293898,-87.573384,30.301189
1811,-87.885667,31.163521,-87.854208,31.211507
1828,-87.874876,30.608138,-87.874036,30.608875
1838,-87.603442,30.421269,-87.603105,30.421462
1845,-87.627304,31.036368,-87.627157,31.036588
1860,-87.478944,30.485311,-87.478411,30.48579
1871,-87.766648,30.50836,-87.766242,30.509102
1881,-87.862765,30.232365,-87.862537,30.23247
1890,-87.476176,30.423961,-87.4749,30.424929
1900,-87.462808,30.427204,-87.462542,30.427518
1910,-87.753259,30.281221,-87.752163,30.281563
1914,-87.664997,30.28516,-87.664642,30.285276
1929,-87.784093,30.846801,-87.781358,30.847346
1939,-87.761099,30.92874,-87.760844,30.929043
1949,-87.711592,30.587806,-87.710644,30.58889
1959,-87.474803,30.519659,-87.474377,30.520071
1969,-87.448699,30.502374,-87.448159,30.502858
1982,-87.863805,30.431211,-87.86298,30.43192
1992,-87.562706,30.541537,-87.561816,30.542334
2002,-87.736194,30.330722,-87.735739,30.330887
2012,-87.653159,31.024137,-87.652776,31.024491
2022,-87.838642,30.234502,-87.835519,30.234975
2037,-87.445611,30.485373,-87.445021,30.485912
2036,-87.866735,30.831969,-87.866034,30.83264
2052,-87.662105,30.606225,-87.660434,30.607549
2059,-87.712183,30.292011,-87.711153,30.294166
2069,-87.874992,30.375198,-87.83719,30.375616
2080,-87.621921,31.133005,-87.619255,31.135359
2083,-87.875134,31.095943,-87.874226,31.10196
2101,-87.857677,30.231267,-87.856771,30.23146
2111,-87.731333,30.350438,-87.730953,30.350713
2118,-87.706275,30.265467,-87.705077,30.266392
2131,-87.449677,30.48957,-87.448661,30.49051
2140,-87.5974,30.366287,-87.583278,30.378772
2144,-87.745377,30.428903,-87.744692,30.429228
2159,-87.848208,30.234158,-87.847435,30.234323
2169,-87.402866,30.428654,-87.402523,30.428907
2180,-87.768438,30.383457,-87.768127,30.383715
2192,-87.602076,30.402572,-87.601327,30.403342
2202,-87.665414,30.43683,-87.66476,30.437243
2212,-87.762566,30.941765,-87.76226,30.942041
2222,-87.673638,30.60799,-87.673224,30.608271
2232,-87.887697,30.232884,-87.886893,30.23306
2242,-87.474107,30.375465,-87.473568,30.375663
2252,-87.561169,30.498893,-87.560731,30.499234
2263,-87.616069,30.574205,-87.615535,30.574887
2273,-87.39443,30.629888,-87.393927,30.630229
2283,-87.76903,30.439823,-87.768699,30.440909
2293,-87.58686,30.36146,-87.586136,30.361983
2302,-87.621852,30.261739,-87.619939,30.263032
2312,-87.838977,30.230888,-87.838578,30.23097
2323,-87.681214,30.338839,-87.680707,30.339604
2333,-87.746343,30.471626,-87.745994,30.472061
4,-85.215587,31.857988,-85.212903,31.86234
35,-85.364238,31.708131,-85.360779,31.712552
31,-85.124931,31.981688,-85.114491,31.992684
29,-85.138606,31.96687,-85.137317,31.96813
44,-85.320878,31.733202,-85.316133,31.735745
54,-85.11999,31.972804,-85.115797,31.975964
64,-85.463674,31.983789,-85.459856,31.986493
74,-85.483448,31.910106,-85.482858,31.910679
81,-85.221701,31.82642,-85.16098,31.843762
94,-85.168025,31.875161,-85.166817,31.875535
7,-87.076097,33.153613,-87.075111,33.154125
17,-87.034166,33.112116,-87.032549,33.113317
27,-87.067477,32.996644,-87.067138,32.996996
37,-87.21175,32.931379,-87.21015,32.932716
47,-87.201784,32.847199,-87.201347,32.847614
61,-87.160052,33.170104,-87.159136,33.170682
59,-87.022132,33.197761,-87.021247,33.198096
76,-86.980561,32.9056,-86.979305,32.906844
86,-87.037056,33.164626,-87.036077,33.165054
96,-87.106849,33.147844,-87.106437,33.148265
107,-86.915541,33.018814,-86.915222,33.019154
117,-87.2718,32.944587,-87.270718,32.945279
127,-87.217484,32.860667,-87.216757,32.861299
136,-87.04223,33.080289,-87.038938,33.08235
144,-87.191116,33.156419,-87.190875,33.157237
156,-87.031491,33.205537,-87.030078,33.207932
166,-87.236832,32.869445,-87.236318,32.870221
175,-87.171333,33.216889,-87.16991,33.218818
186,-87.104557,33.106552,-87.1041,33.106822
196,-87.161848,32.999321,-87.161368,32.999744
206,-87.209535,32.92016,-87.209022,32.920743
214,-87.086354,32.96754,-87.084255,32.969751
223,-87.031709,33.244933,-87.028984,33.246187
235,-86.993382,32.946843,-86.992552,32.947541
245,-87.037445,32.862924,-87.036194,32.864494
255,-87.01986,33.161305,-87.019533,33.161717
263,-87.120971,33.158355,-87.119774,33.159274
275,-87.16343,33.140386,-87.163249,33.140621
285,-87.260191,32.958526,-87.259702,32.959077
296,-87.222714,32.849328,-87.222287,32.849671
306,-87.143542,33.233865,-87.1405,33.235899
316,-86.973205,32.995421,-86.972657,32.995811
326,-86.905593,33.015434,-86.905046,33.016074
335,-87.377741,32.901772,-87.375963,32.902675
346,-86.983854,33.080728,-86.983601,33.081086
356,-87.096195,33.02828,-87.095933,33.02854
366,-87.248599,32.967793,-87.247701,32.968774
376,-87.19758,32.890396,-87.196577,32.892229
401,-87.040955,33.032226,-87.040073,33.033732
395,-87.036621,33.228969,-87.035927,33.236016
404,-86.955713,33.078394,-86.954676,33.078636
414,-87.034601,33.18699,-87.033794,33.187358
424,-87.026627,33.118688,-87.026125,33.119075
436,-87.115317,32.940261,-87.114862,32.940888
446,-87.09859,33.209772,-87.095639,33.21396
626,-87.121906,33.039178,-87.121718,33.039371
464,-86.905223,33.008871,-86.904348,33.0093
472,-87.039285,32.86923,-87.038868,32.869735
485,-87.113439,33.137616,-87.113051,33.138083
495,-86.991419,32.937182,-86.990997,32.937858
505,-87.181554,32.872458,-87.170874,32.881557
516,-87.010946,32.944605,-87.009752,32.945918
534,-87.107322,33.137583,-87.106153,33.137765
531,-87.147285,33.188093,-87.146982,33.188478
545,-87.038194,33.240582,-87.037363,33.241149
553,-87.09757,33.222164,-87.096283,33.223551
565,-87.045533,33.158493,-87.045257,33.158782
575,-87.147584,33.081851,-87.146858,33.082217
585,-87.11109,32.971778,-87.110242,32.97235
594,-87.327547,32.916718,-87.32713,32.917389
603,-87.209255,32.847025,-87.208731,32.847656
611,-87.174641,33.169606,-87.173408,33.171014
621,-87.047499,33.149413,-87.04583,33.150055
637,-87.131908,33.062559,-87.130835,33.06425
647,-87.071149,33.216188,-87.07083,33.216394
6,-86.581601,33.983842,-86.579704,33.986202
16,-86.531767,34.208708,-86.531535,34.208884
26,-86.59355,34.127694,-86.593206,34.12787
36,-86.436382,34.120775,-86.435281,34.122607
46,-86.569033,34.099059,-86.567866,34.100252
56,-86.654646,34.073275,-86.653529,34.074188
66,-86.500788,33.857133,-86.499986,33.858072
75,-86.6707,33.938026,-86.668555,33.944463
85,-86.57409,33.958002,-86.572358,33.959927
95,-86.635805,34.10205,-86.634662,34.103111
105,-86.650168,34.098982,-86.649692,34.099521
115,-86.516266,34.190995,-86.515895,34.19132
125,-86.590649,34.115726,-86.590305,34.116094
135,-86.63382,34.084879,-86.633219,34.08527
144,-86.849178,33.934451,-86.848341,33.935182
154,-86.874869,33.853828,-86.873387,33.854692
164,-86.522134,33.807298,-86.521844,33.807578
174,-86.517906,33.90282,-86.517531,33.903341
183,-86.580115,33.945252,-86.579263,33.947119
193,-86.661712,34.039212,-86.661217,34.039949
203,-86.506151,34.21821,-86.50592,34.218452
216,-86.628611,34.098067,-86.627831,34.098847
226,-86.837982,33.94722,-86.837125,33.948171
236,-86.921844,33.836233,-86.921666,33.836557
246,-86.490119,33.966964,-86.481684,33.974171
256,-86.809365,33.882663,-86.807388,33.883938
291,-86.561208,34.138391,-86.560375,34.139171
275,-86.588625,33.795173,-86.587973,33.795696
285,-86.483925,34.219485,-86.483277,34.220002
296,-86.43982,33.946732,-86.438281,33.947923
306,-86.616023,34.100631,-86.615368,34.100824
316,-86.848494,33.92341,-86.848079,33.923823
326,-86.897036,33.915706,-86.895594,33.916021
336,-86.585175,33.979695,-86.582673,33.981826
346,-86.64721,34.080104,-86.646807,34.080382
356,-86.469553,34.243706,-86.469056,34.244031
366,-86.534707,34.161714,-86.534032,34.162149
376,-86.615432,34.086387,-86.614937,34.086887
386,-86.576748,33.810784,-86.575997,33.811697
396,-86.517461,34.218352,-86.515449,34.219534
406,-86.459749,34.150981,-86.458674,34.152677
416,-86.615415,34.008311,-86.613048,34.009227
426,-86.515772,34.221744,-86.515097,34.222244
436,-86.437154,33.942998,-86.435478,33.94483
446,-86.686478,34.020709,-86.685646,34.02127
456,-86.350106,33.909537,-86.349426,33.910185
483,-86.511615,34.178508,-86.510808,34.179222
472,-86.496548,34.187168,-86.492192,34.191202
486,-86.684991,34.075161,-86.684185,34.07609
496,-86.514696,34.205096,-86.514385,34.205377
506,-86.576059,34.137631,-86.575457,34.13817
516,-86.676577,33.896841,-86.675143,33.897948
526,-86.754989,33.961189,-86.754263,33.961689
536,-86.534821,33.817558,-86.524886,33.83025
546,-86.387756,34.143664,-86.385938,34.14481
556,-86.599493,34.019359,-86.596493,34.021305
566,-86.733604,34.01147,-86.732515,34.012058
576,-86.503744,34.215663,-86.503407,34.215944
586,-86.633703,34.112907,-86.632223,34.113771
596,-86.651494,34.073984,-86.650609,34.074979
606,-86.9335,33.827453,-86.933058,33.827888
6,-85.853791,32.172736,-85.853506,32.173032
16,-85.849395,32.097267,-85.848652,32.097976
26,-85.90969,32.123967,-85.909274,32.124359
36,-85.915618,32.207932,-85.915226,32.208212
46,-85.709597,32.168588,-85.708256,32.170578
56,-85.993889,32.188719,-85.992985,32.189504
66,-85.955596,32.179856,-85.954392,32.180459
76,-85.891569,32.004787,-85.891181,32.005063
85,-85.660048,32.181001,-85.659246,32.182347
95,-85.791519,32.08388,-85.790995,32.084316
106,-85.764216,31.989106,-85.763942,31.989357
116,-85.77861,32.059472,-85.778171,32.059883
126,-85.720534,31.982845,-85.718972,31.983884
389,-85.841813,32.108568,-85.841544,32.108855
144,-85.818472,32.017283,-85.817942,32.01766
155,-85.710387,32.211891,-85.709961,32.21226
165,-85.740224,32.165674,-85.739797,32.166103
175,-85.870701,32.216948,-85.869705,32.21711
184,-85.847821,31.995232,-85.847621,31.995388
194,-85.921123,32.155791,-85.920865,32.156149
204,-85.98166,32.188595,-85.981371,32.188851
214,-85.897934,32.078915,-85.897538,32.079293
224,-85.994303,32.050984,-85.99314,32.05164
234,-85.738375,32.130027,-85.737823,32.130665
244,-85.785677,32.033921,-85.784653,32.034338
254,-85.813606,31.990906,-85.813309,31.991173
262,-85.806542,32.210338,-85.805811,32.211036
271,-85.724656,32.161687,-85.724139,32.161929
322,-85.802181,32.164152,-85.801846,32.164554
293,-85.590845,32.145449,-85.589135,32.1468
303,-85.699298,32.220913,-85.698703,32.221158
312,-85.734485,32.079465,-85.734024,32.08008
324,-85.864036,32.162972,-85.863726,32.163356
334,-85.920101,32.187165,-85.919736,32.187441
344,-85.892922,32.284802,-85.892528,32.285144
354,-85.949442,32.160635,-85.949117,32.160927
364,-85.548115,32.004705,-85.545425,32.007111
388,-85.77497,32.111248,-85.774633,32.111523
383,-85.633818,32.18032,-85.63345,32.180473
395,-85.802364,32.082884,-85.801724,32.083309
405,-85.715959,32.058627,-85.715598,32.058846
415,-85.751887,32.226075,-85.749392,32.22748
425,-85.603453,32.228797,-85.602353,32.229438
435,-85.967228,32.261604,-85.966174,32.262202
443,-85.814735,32.06087,-85.812466,32.061693
453,-85.857902,32.162551,-85.85766,32.162882
465,-85.68938,32.109989,-85.689063,32.110169
475,-85.804868,32.118989,-85.80422,32.120083
485,-85.837066,32.230658,-85.836645,32.231191
495,-85.863671,32.042489,-85.863394,32.0427
505,-85.942652,32.210183,-85.942256,32.210411
513,-85.737964,32.102508,-85.735581,32.105082
523,-85.956656,32.186055,-85.956244,32.186407
535,-85.948487,32.184185,-85.947849,32.184784
545,-85.72527,32.230235,-85.724681,32.230747
555,-85.782988,32.128656,-85.781796,32.129576
600,-85.95824,32.177794,-85.957513,32.178658
574,-85.877031,32.201572,-85.876488,32.202053
583,-85.77441,32.016978,-85.77363,32.018039
592,-85.693923,32.048844,-85.693426,32.049146
605,-85.857327,31.98701,-85.856446,31.987744
614,-85.808987,32.197555,-85.806994,32.199924
624,-85.918636,32.250551,-85.918004,32.251232
634,-85.788856,32.108952,-85.788397,32.109309
641,-85.809042,32.187213,-85.808718,32.187475
651,-85.848611,32.111372,-85.848237,32.111638
665,-85.917885,32.197528,-85.917545,32.197761
675,-85.978159,32.202401,-85.977698,32.202739
685,-85.904513,32.072006,-85.903907,32.072577
695,-85.719722,32.150196,-85.718717,32.151369
719,-85.693654,32.060341,-85.693325,32.060588
713,-85.723388,32.121688,-85.723045,32.121814
725,-85.805969,32.009165,-85.805492,32.009589
734,-85.877667,32.007185,-85.877034,32.008339
743,-85.873309,32.192428,-85.871826,32.193685
755,-85.765741,32.074443,-85.765047,32.075065
765,-85.69375,32.124716,-85.691723,32.125973
775,-85.657605,32.193053,-85.657191,32.193278
784,-85.689837,32.064776,-85.689566,32.065033
795,-85.855459,32.18325,-85.855168,32.183486
805,-85.903486,32.093803,-85.903292,32.093988
815,-85.873709,32.230935,-85.873023,32.231419
825,-85.98164,32.204552,-85.980953,32.205137
835,-85.93098,32.115387,-85.929423,32.116323
845,-85.818836,32.212359,-85.818571,32.21255
855,-85.840711,32.118822,-85.839574,32.119889
865,-85.714671,32.061422,-85.71418,32.061816
875,-85.963236,32.127406,-85.962726,32.1278
885,-85.686835,32.225983,-85.686305,32.226273
895,-85.907721,32.110101,-85.906377,32.111745
904,-85.641484,32.20194,-85.641148,32.202308
942,-85.874674,32.207279,-85.874142,32.207725
923,-85.62302,32.136457,-85.622693,32.136842
932,-85.770165,32.121409,-85.768863,32.1225
944,-85.853703,32.133364,-85.853476,32.133798
954,-85.88377,32.107343,-85.883205,32.107734
964,-85.955536,32.268544,-85.954868,32.26906
970,-85.989599,32.19395,-85.989235,32.194342
985,-85.932895,32.072604,-85.931856,32.073631
995,-85.801261,32.226519,-85.800607,32.227196
1005,-85.662164,32.138835,-85.661597,32.139864
1015,-85.689085,32.187267,-85.688632,32.187614
1115,-85.992083,32.221787,-85.991405,32.22215
1034,-85.725048,31.994461,-85.724461,31.994857
1044,-85.782537,32.000836,-85.781436,32.001559
1053,-85.825671,32.00213,-85.824794,32.002739
1061,-85.911576,32.158042,-85.910469,32.159103
1071,-85.735235,32.157491,-85.73475,32.157959
1080,-85.817277,32.173474,-85.816838,32.173946
1091,-85.886735,32.040889,-85.885779,32.04137
1101,-85.907354,32.196365,-85.907051,32.196807
1111,-85.732117,32.066667,-85.723728,32.069881
1122,-85.942955,32.179732,-85.942487,32.180161
1132,-85.993904,32.105828,-85.993604,32.106106
1143,-85.768096,32.201331,-85.767443,32.201704
1155,-85.819514,32.082914,-85.819113,32.0833
1162,-85.686274,32.16608,-85.683289,32.169815
1175,-85.990511,32.132832,-85.988584,32.133924
1185,-85.76707,32.067842,-85.765701,32.068754
1194,-85.852864,32.04346,-85.852619,32.043875
1204,-85.824925,32.093583,-85.823476,32.094651
1213,-85.773172,31.949606,-85.772691,31.950013
1223,-85.707004,32.078861,-85.706035,32.079532
4,-86.480413,31.826114,-86.472843,31.828337
13,-86.734923,31.600746,-86.732162,31.60413
23,-86.87093,31.940584,-86.868995,31.943174
34,-86.62602,31.8083,-86.622394,31.811805
44,-86.572463,31.658661,-86.568792,31.661548
54,-86.603711,31.77485,-86.602792,31.775227
5,-85.626871,33.951608,-85.626167,33.952657
39,-85.825766,33.597783,-85.825319,33.598057
23,-85.622639,33.95546,-85.622395,33.955687
30,-86.036221,33.81067,-86.034996,33.811583
44,-85.615849,33.895347,-85.61507,33.896137
54,-85.854092,33.863318,-85.851555,33.864763
63,-85.687433,33.828196,-85.687043,33.828455
105,-85.710169,33.665607,-85.709861,33.665932
83,-85.740406,33.902033,-85.740108,33.902303
91,-85.989659,33.794577,-85.989244,33.794984
101,-85.667907,33.684514,-85.66732,33.685058
114,-85.690456,33.73201,-85.690173,33.732247
124,-85.902051,33.877279,-85.900792,33.878428
134,-85.78523,33.634851,-85.785046,33.635164
144,-86.016882,33.791263,-86.015222,33.791829
154,-85.760158,33.777256,-85.758907,33.777938
165,-85.849397,33.736073,-85.849042,33.736622
175,-85.917525,33.844773,-85.916491,33.84579
185,-85.865935,33.778608,-85.8655,33.778812
195,-86.139354,33.708569,-86.137763,33.709938
205,-85.865638,33.91413,-85.864741,33.914851
214,-86.073214,33.750797,-86.067587,33.754244
224,-85.708584,33.922354,-85.707964,33.923073
234,-85.828838,33.602325,-85.827892,33.602527
244,-85.829621,33.808959,-85.828206,33.810163
254,-85.900956,33.642443,-85.900588,33.642768
264,-86.037276,33.758812,-85.871602,33.877864
272,-85.75259,33.80171,-85.750614,33.803409
284,-85.897821,33.82843,-85.897248,33.828749
294,-85.715055,33.619207,-85.714694,33.619829
304,-85.718131,33.640548,-85.717226,33.641303
314,-85.918409,33.880224,-85.917315,33.881263
324,-85.818768,33.800153,-85.818425,33.800395
334,-85.697693,33.757379,-85.697053,33.757937
344,-86.102586,33.72594,-86.101784,33.726776
354,-85.674716,33.631501,-85.674349,33.632079
364,-85.795597,33.566086,-85.794537,33.568333
374,-85.551748,33.901021,-85.551441,33.901267
384,-85.623432,33.815128,-85.613965,33.824824
393,-85.848562,33.885473,-85.848146,33.885935
403,-85.97689,33.776846,-85.975336,33.778007
413,-85.828872,33.948686,-85.828542,33.948994
423,-85.701379,33.822615,-85.701023,33.822972
433,-85.951705,33.794004,-85.951297,33.794538
443,-85.895724,33.734712,-85.895402,33.734976
453,-85.717566,33.645751,-85.716968,33.646258
463,-85.826343,33.59577,-85.824361,33.597305
473,-85.867943,33.729684,-85.865462,33.731019
482,-85.556995,33.926567,-85.556777,33.926736
492,-85.625384,33.94413,-85.624815,33.94465
502,-85.737228,33.61962,-85.736478,33.620463
512,-85.562948,33.952243,-85.562444,33.952681
522,-85.861687,33.697163,-85.861358,33.697438
532,-85.733388,33.904928,-85.733088,33.905163
542,-85.864062,33.828724,-85.861191,33.830324
552,-85.903491,33.799284,-85.903116,33.799674
562,-86.062734,33.733808,-86.06201,33.73411
573,-85.753406,33.614346,-85.752736,33.614738
583,-85.866129,33.929611,-85.865048,33.930848
590,-85.833185,33.944694,-85.830593,33.947646
600,-85.585678,33.954962,-85.585321,33.955486
612,-85.587856,33.912993,-85.586959,33.913497
622,-85.84671,33.592196,-85.846043,33.59261
642,-85.791513,33.887522,-85.79119,33.887852
639,-85.720157,33.862356,-85.719754,33.86258
651,-85.893215,33.922834,-85.892747,33.92329
661,-85.803805,33.822593,-85.802316,33.824506
670,-85.749634,33.783322,-85.748745,33.784243
675,-85.934043,33.880077,-85.925487,33.888735
691,-85.682245,33.732539,-85.681612,33.733121
701,-85.752446,33.753542,-85.750097,33.755142
710,-85.644884,33.948371,-85.644277,33.948944
719,-85.654686,33.665563,-85.65385,33.666619
729,-85.742005,33.886213,-85.741708,33.886407
741,-85.906256,33.819592,-85.905439,33.820411
751,-85.732971,33.779304,-85.732254,33.779707
762,-85.875729,33.724077,-85.875354,33.724341
772,-85.695305,33.663386,-85.694904,33.663546
782,-85.926658,33.625834,-85.925856,33.626335
794,-86.082976,33.740217,-86.081331,33.741471
804,-85.616352,33.936731,-85.615184,33.937944
814,-85.581689,33.90242,-85.580962,33.903146
824,-85.857088,33.944798,-85.856422,33.945634
834,-85.895996,33.738055,-85.895729,33.738544
844,-85.612595,33.834676,-85.612006,33.835132
854,-85.84905,33.933058,-85.84845,33.93341
863,-85.632677,33.821254,-85.632295,33.82153
873,-85.894151,33.816565,-85.893559,33.817148
884,-85.906697,33.785332,-85.906071,33.785596
894,-85.67078,33.720242,-85.670211,33.720629
903,-85.653564,33.655989,-85.652503,33.656829
913,-85.928459,33.624273,-85.927101,33.625085
924,-85.922336,33.870937,-85.921347,33.872267
933,-85.85312,33.755672,-85.849856,33.757251
942,-85.629165,33.944794,-85.628623,33.945454
953,-85.867574,33.720041,-85.864832,33.722357
963,-85.819351,33.761649,-85.818535,33.763738
971,-85.653937,33.939597,-85.65358,33.939923
981,-85.991207,33.619132,-85.990916,33.619561
991,-85.807778,33.926928,-85.806723,33.928154
1001,-85.989399,33.857695,-85.989156,33.857959
1014,-85.768596,33.753044,-85.76832,33.753478
1024,-85.695317,33.663832,-85.69473,33.664378
1034,-85.779053,33.605862,-85.778289,33.606413
1045,-85.790877,33.57806,-85.78997,33.578833
1055,-85.582282,33.944965,-85.581454,33.945565
6,-85.357541,33.040878,-85.356256,33.042527
16,-85.472097,32.981161,-85.470329,32.982249
26,-85.470209,33.095272,-85.469315,33.096548
36,-85.499573,32.974274,-85.498151,32.975549
46,-85.420531,32.995928,-85.418516,32.999012
126,-85.210515,32.778791,-85.20737,32.780875
65,-85.409077,32.878914,-85.408458,32.879496
75,-85.404629,32.959345,-85.403501,32.960621
85,-85.219708,33.000124,-85.215506,33.001778
92,-85.215187,32.98047,-85.207204,32.987204
102,-85.402385,33.063242,-85.401086,33.064391
114,-85.35912,33.091942,-85.358179,33.092761
124,-85.590801,32.741821,-85.589604,32.742426
143,-85.414558,32.987994,-85.413176,32.989483
146,-85.466892,33.095053,-85.466278,33.096021
156,-85.574104,32.88561,-85.573388,32.886209
166,-85.459676,32.759563,-85.456969,32.761294
176,-85.527625,32.804826,-85.526257,32.806316
186,-85.446508,32.851292,-85.446182,32.851545
195,-85.249944,33.000123,-85.222423,33.01144
206,-85.590515,32.984968,-85.58679,32.985677
211,-85.474446,33.039786,-85.473728,33.040352
226,-85.528605,32.981153,-85.528096,32.981572
236,-85.391064,32.993324,-85.387757,32.996096
246,-85.411642,32.885593,-85.409837,32.888221
256,-85.446749,32.851199,-85.44656,32.851346
266,-85.501808,32.857033,-85.501027,32.858193
276,-85.469478,32.972805,-85.468142,32.973806
286,-85.404721,32.908741,-85.404395,32.909148
8,-85.724619,33.99964,-85.724056,34.000068
18,-85.57891,34.119911,-85.577903,34.120707
27,-85.724773,33.991922,-85.724462,33.992305
37,-85.838291,34.230986,-85.837232,34.231299
48,-85.711046,33.986165,-85.710421,33.9865
58,-85.699589,34.00035,-85.699457,34.000444
68,-85.56745,34.192924,-85.565052,34.195077
80,-85.738706,34.018382,-85.738039,34.019124
88,-85.74997,34.039703,-85.745428,34.042468
98,-85.835054,34.227881,-85.834035,34.228931
108,-85.830458,34.144849,-85.829989,34.145278
118,-85.590321,34.258304,-85.588722,34.259816
128,-85.70902,33.982324,-85.708573,33.982504
138,-85.686461,34.044959,-85.685424,34.045728
148,-85.71714,33.975018,-85.716863,33.975261
5,-86.726594,32.929809,-86.72587,32.930644
15,-86.794128,32.707102,-86.793772,32.707417
25,-86.871807,33.021233,-86.871559,33.021541
35,-86.819968,33.022781,-86.819185,33.023358
44,-86.917888,32.664166,-86.91087,32.675001
54,-86.709468,32.745769,-86.709198,32.746107
64,-86.864363,33.013204,-86.859956,33.0161
74,-86.601118,32.893472,-86.600401,32.89438
85,-86.627431,32.881146,-86.627118,32.881355
95,-86.606482,32.854827,-86.606299,32.854982
105,-86.626241,32.952669,-86.62598,32.952948
115,-86.687999,32.936342,-86.68753,32.936759
125,-86.909482,32.678421,-86.90922,32.679009
135,-86.738459,32.970584,-86.736997,32.97215
185,-86.59519,32.903306,-86.594793,32.903717
153,-86.615122,32.790388,-86.614393,32.790844
163,-86.723985,32.772104,-86.723615,32.772621
173,-86.496067,32.740845,-86.494778,32.741836
183,-86.682051,32.948394,-86.681164,32.949506
195,-86.612132,32.915177,-86.611761,32.91548
204,-86.572909,32.845833,-86.572388,32.846162
214,-86.59698,32.813412,-86.595932,32.813974
225,-86.614766,32.915534,-86.61384,32.915974
235,-86.737298,32.960076,-86.73703,32.960302
245,-86.873672,32.794977,-86.873297,32.795341
254,-86.911063,32.674847,-86.910664,32.675322
261,-86.965794,32.703646,-86.963934,32.70501
272,-86.490824,32.773764,-86.488539,32.775624
285,-86.731536,32.915965,-86.73108,32.916241
295,-86.634542,32.746949,-86.633284,32.747857
305,-86.754475,33.048242,-86.751876,33.050007
315,-86.583386,32.876407,-86.583131,32.876655
325,-86.592008,32.728901,-86.591761,32.729281
335,-86.603193,32.912833,-86.602971,32.913048
345,-86.606977,32.85446,-86.60669,32.854702
355,-86.675587,32.954377,-86.67485,32.955378
365,-86.740605,32.980932,-86.739645,32.981904
375,-86.904975,32.69955,-86.904567,32.699843
385,-86.863518,33.020918,-86.862421,33.022056
394,-86.880191,32.810571,-86.879219,32.811843
410,-86.769602,32.875324,-86.768937,32.876671
406,-86.649711,32.961157,-86.648758,32.961636
422,-86.722628,32.72649,-86.721798,32.727103
434,-86.481746,32.868956,-86.479788,32.870396
444,-86.606835,32.907508,-86.606411,32.907899
455,-86.779248,33.046701,-86.778399,33.047213
465,-86.683146,32.828485,-86.682865,32.828913
475,-86.744917,33.060527,-86.744297,33.061023
485,-86.571355,32.927681,-86.570351,32.928466
494,-86.493728,32.828209,-86.493005,32.828339
504,-86.543991,32.757469,-86.541023,32.759031
514,-86.85722,33.022306,-86.856717,33.02281
525,-86.731754,32.986748,-86.729542,32.988524
535,-86.601909,32.752027,-86.600874,32.752885
545,-86.622904,32.728198,-86.622351,32.728417
555,-86.737714,33.037695,-86.735436,33.038988
565,-86.610547,32.914018,-86.610293,32.914343
575,-86.640493,32.788977,-86.639946,32.789527
585,-86.593083,32.862833,-86.59279,32.863079
594,-86.790941,32.828021,-86.789768,32.828837
604,-86.629089,32.965229,-86.628678,32.965542
614,-86.56541,32.809897,-86.564166,32.810712
625,-86.60741,32.734175,-86.607072,32.734374
635,-86.760344,32.9716,-86.760005,32.971848
644,-86.57768,32.822584,-86.575479,32.823881
654,-86.669325,32.859392,-86.668432,32.860025
665,-86.938302,32.702378,-86.937083,32.703615
675,-86.883731,32.766381,-86.882664,32.767049
685,-86.876486,33.016523,-86.864631,33.027581
710,-86.840453,32.967875,-86.839416,32.968887
704,-86.504839,32.717644,-86.504195,32.718124
719,-86.538899,32.840975,-86.53858,32.841278
725,-86.570306,32.936318,-86.569667,32.936709
735,-86.611076,32.91444,-86.610919,32.914623
745,-86.564948,32.797762,-86.563854,32.798153
755,-86.636168,32.896343,-86.635692,32.896749
765,-86.913228,32.665222,-86.912383,32.66559
775,-86.979395,32.706407,-86.978759,32.706775
785,-86.80178,32.985396,-86.793996,32.989845
795,-86.696918,32.915836,-86.696233,32.916528
805,-86.804174,32.726056,-86.80351,32.726627
814,-86.768237,32.666396,-86.767456,32.667034
824,-86.591987,33.024507,-86.565675,33.042901
834,-86.594429,32.923718,-86.593679,32.924328
844,-86.554503,32.808836,-86.554145,32.809193
854,-86.620401,32.860129,-86.619984,32.860943
864,-86.675092,32.947438,-86.674421,32.948537
874,-86.693831,32.877029,-86.693603,32.877283
884,-86.710118,32.883754,-86.709838,32.884078
894,-87.006294,32.808799,-87.005728,32.809375
903,-86.824836,33.010523,-86.820195,33.013256
913,-86.727409,32.944705,-86.726177,32.945403
924,-86.71778,32.763176,-86.716868,32.763697
934,-86.836954,32.718784,-86.836408,32.719334
943,-86.744774,33.069094,-86.744389,33.06925
953,-86.612956,32.919786,-86.611431,32.920879
965,-86.738216,32.867122,-86.737727,32.86771
975,-86.678534,32.830602,-86.677485,32.831449
985,-86.8054,32.919933,-86.804937,32.920191
995,-86.625163,32.87019,-86.624597,32.870387
1005,-86.639911,32.806033,-86.639553,32.806154
4,-88.201841,31.811433,-88.19041,31.817069
14,-88.197925,31.820163,-88.194893,31.822317
24,-88.217387,31.986305,-88.215197,31.98778
34,-88.223976,32.190013,-88.220823,32.19109
44,-88.078213,32.120928,-88.075952,32.123151
54,-88.13331,31.906128,-88.125652,31.913022
5,-87.932374,31.30212,-87.929358,31.303357
14,-87.917571,31.250465,-87.914664,31.252873
24,-87.874432,31.24863,-87.870645,31.249873
34,-87.955268,31.928227,-87.952125,31.930633
44,-87.934102,31.525143,-87.932229,31.526861
54,-87.942809,31.298682,-87.940513,31.30707
64,-88.070389,31.969631,-88.068884,31.974488
74,-88.108296,31.947881,-88.107492,31.950001
103,-87.877313,31.221797,-87.875499,31.223103
93,-88.072644,31.949903,-88.060201,31.957074
105,-87.709954,31.885969,-87.70826,31.890002
115,-87.941179,31.272284,-87.938885,31.273269
124,-87.823382,31.285505,-87.821808,31.290043
135,-88.053611,31.658138,-88.051334,31.661484
145,-87.741929,31.730124,-87.735385,31.737249
9,-85.903265,33.452626,-85.900173,33.45407
19,-85.939012,33.16811,-85.938591,33.16838
29,-85.956873,33.321123,-85.956171,33.321486
39,-85.93697,33.21405,-85.935767,33.215162
49,-85.730363,33.318374,-85.728843,33.319847
66,-85.85497,33.24525,-85.852949,33.246876
65,-85.761619,33.296267,-85.760467,33.297309
78,-85.806394,33.25267,-85.804804,33.254202
88,-85.914081,33.321917,-85.912157,33.324503
97,-85.891364,33.188375,-85.890514,33.188806
107,-85.869345,33.21273,-85.868822,33.214286
116,-85.847635,33.244949,-85.846948,33.245708
126,-85.919449,33.194204,-85.91903,33.194609
136,-85.919469,33.237319,-85.918307,33.239106
145,-85.858283,33.299362,-85.85613,33.30088
155,-85.689561,33.321844,-85.689057,33.322196
168,-86.129647,33.11627,-86.128941,33.116588
178,-85.813608,33.256964,-85.812652,33.257499
192,-85.922252,33.208841,-85.920007,33.212856
198,-86.051212,33.212536,-86.050227,33.213306
208,-85.75196,33.170173,-85.751555,33.170519
218,-85.935108,33.347298,-85.934198,33.348388
228,-86.015161,33.248682,-86.014813,33.249189
238,-86.104278,33.10468,-86.102962,33.105829
248,-85.778989,33.241748,-85.77838,33.242199
258,-86.030004,33.196976,-86.02938,33.197961
268,-85.783519,33.323847,-85.782032,33.324764
279,-85.804019,33.36609,-85.800764,33.368116
289,-85.915485,33.333889,-85.915098,33.334562
299,-86.138256,33.115156,-86.137861,33.115515
308,-85.765078,33.288769,-85.763958,33.289298
318,-85.797113,33.271282,-85.795142,33.273474
328,-85.767129,33.359276,-85.764203,33.363515
338,-85.717966,33.116265,-85.717064,33.116957
348,-85.896664,33.207593,-85.895914,33.208467
359,-85.809704,33.406953,-85.80629,33.409014
10,-85.724805,33.608352,-85.72449,33.608659
20,-85.6016,33.649598,-85.590299,33.655885
30,-85.540419,33.604765,-85.531552,33.608934
36,-85.617862,33.645258,-85.614656,33.648602
43,-85.727098,33.581396,-85.726062,33.583705
56,-85.743701,33.561428,-85.738377,33.564163
4,-86.098822,31.437172,-86.097539,31.440266
14,-86.17086,31.213553,-86.170008,31.214042
24,-86.007628,31.394152,-86.005838,31.395963
34,-86.193597,31.217283,-86.193277,31.217514
44,-86.124945,31.254372,-86.117639,31.26276
54,-86.164634,31.518333,-86.161906,31.521358
64,-85.872226,31.602736,-85.871854,31.603099
74,-85.837372,31.337295,-85.834008,31.339563
84,-86.039218,31.213398,-86.037324,31.215827
94,-86.070572,31.442401,-86.069049,31.443272
121,-86.186532,31.224603,-86.185821,31.225395
111,-86.078715,31.389054,-86.076738,31.391894
124,-85.909142,31.227655,-85.907301,31.229072
134,-86.192731,31.264559,-86.189289,31.268202
4,-87.713204,34.596156,-87.711562,34.59763
14,-87.542135,34.582942,-87.541716,34.583486
24,-88.11787,34.676602,-88.117458,34.677102
34,-87.64375,34.781538,-87.64289,34.782209
44,-87.878006,34.702638,-87.877433,34.703221
54,-87.675917,34.602134,-87.675391,34.602568
64,-88.131604,34.639518,-88.072986,34.745706
74,-88.016646,34.775093,-88.01624,34.775544
84,-87.692339,34.64739,-87.69172,34.647698
94,-87.999973,34.755098,-87.99966,34.7555
102,-87.48507,34.699702,-87.48248,34.702478
112,-87.915481,34.787219,-87.907199,34.789752
120,-87.551228,34.581151,-87.550577,34.581844
130,-87.622605,34.654751,-87.622252,34.655169
143,-87.965814,34.777015,-87.965488,34.777323
153,-87.898317,34.738041,-87.897984,34.73836
163,-87.592438,34.619969,-87.591986,34.620442
173,-87.528314,34.573737,-87.528021,34.574105
183,-87.542588,34.634496,-87.542002,34.634969
193,-87.775476,34.678394,-87.774744,34.678982
204,-87.709783,34.604903,-87.709417,34.605436
214,-87.58321,34.633017,-87.582559,34.633859
224,-87.983947,34.59345,-87.983422,34.593967
234,-87.509944,34.701168,-87.509544,34.701596
244,-87.737346,34.613821,-87.736554,34.614536
254,-87.813664,34.671814,-87.812885,34.672727
284,-87.628301,34.769911,-87.627975,34.770169
273,-87.96626,34.577866,-87.965689,34.578625
288,-87.583756,34.766981,-87.582451,34.769614
293,-87.8212,34.650326,-87.820369,34.650914
303,-87.549709,34.772089,-87.549429,34.772397
314,-87.541435,34.723385,-87.539704,34.724194
324,-87.515158,34.671562,-87.514593,34.672557
333,-87.8181,34.649161,-87.817289,34.649744
343,-87.739109,34.606169,-87.737753,34.606653
353,-87.687922,34.667855,-87.68715,34.668163
363,-87.637477,34.723872,-87.636997,34.724136
373,-87.439076,34.761485,-87.438489,34.76204
382,-87.716378,34.704843,-87.716039,34.705161
392,-87.918446,34.78723,-87.915428,34.788
420,-87.628113,34.597338,-87.627621,34.597811
406,-87.71263,34.678952,-87.711764,34.679688
422,-87.874288,34.747958,-87.873802,34.748167
432,-87.984719,34.594846,-87.983942,34.595544
440,-87.72623,34.649709,-87.725791,34.649885
450,-87.850581,34.722655,-87.849476,34.723238
463,-88.093912,34.753722,-88.091717,34.755441
473,-87.560261,34.56925,-87.559324,34.570525
482,-87.579272,34.592123,-87.578854,34.592579
493,-87.726385,34.592118,-87.724583,34.59336
492,-87.564019,34.782324,-87.538787,34.807926
512,-87.652293,34.77567,-87.652,34.776181
522,-87.692006,34.609695,-87.691587,34.610182
532,-87.884052,34.585225,-87.883241,34.58622
542,-87.74282,34.729245,-87.742328,34.72969
551,-87.525196,34.64923,-87.52457,34.649681
561,-87.515947,34.596052,-87.515288,34.596788
572,-88.026916,34.739174,-88.02633,34.73969
582,-87.796285,34.63445,-87.795015,34.635373
589,-87.837885,34.634152,-87.83547,34.634921
630,-87.599577,34.767538,-87.599311,34.7685
607,-87.717881,34.758422,-87.717595,34.75862
613,-87.813224,34.628267,-87.812573,34.628927
623,-87.975177,34.82827,-87.974917,34.828699
642,-87.616703,34.733187,-87.615564,34.734094
652,-87.886112,34.704286,-87.885699,34.704605
663,-87.53964,34.664203,-87.539327,34.664587
673,-87.71504,34.600229,-87.714183,34.600839
684,-87.531723,34.590658,-87.530015,34.593621
694,-87.686831,34.634741,-87.686379,34.634977
704,-87.63342,34.633624,-87.632954,34.633948
717,-87.639661,34.596216,-87.639109,34.596716
727,-87.753714,34.634975,-87.752803,34.635426
734,-87.667917,34.611502,-87.667591,34.611846
744,-87.45862,34.711616,-87.456424,34.712276
754,-87.49473,34.627563,-87.492522,34.628415
764,-87.644194,34.570545,-87.64351,34.57104
774,-87.822471,34.653404,-87.822205,34.653773
2,-87.11434,31.309873,-87.113556,31.310515
11,-87.088168,31.478621,-87.087041,31.479692
21,-87.20936,31.304697,-87.208386,31.305192
31,-87.036647,31.418673,-87.035983,31.419151
41,-87.168585,31.506798,-87.167869,31.507186
51,-87.103993,31.3038,-87.101942,31.30507
61,-87.228711,31.342308,-87.227576,31.343342
71,-86.941721,31.271607,-86.941286,31.271794
81,-87.009615,31.407847,-87.008545,31.408705
91,-86.970008,31.511434,-86.96942,31.512255
101,-87.055336,31.673448,-87.055082,31.673824
111,-86.981873,31.533357,-86.981136,31.533849
121,-87.236183,31.318599,-87.235485,31.319358
131,-87.186228,31.351544,-87.185696,31.351951
141,-87.16555,31.485646,-87.165164,31.485965
150,-86.888052,31.438444,-86.887468,31.439038
160,-87.044933,31.339949,-87.044044,31.340646
169,-87.161091,31.377913,-87.160219,31.378661
180,-86.737651,31.203527,-86.737049,31.204871
188,-87.134146,31.434689,-87.130906,31.43658
199,-86.942622,31.286025,-86.942372,31.28625
210,-86.941195,31.298145,-86.940215,31.298907
220,-87.168986,31.469492,-87.166182,31.471143
230,-86.96565,31.292945,-86.965154,31.293797
240,-86.909716,31.430068,-86.909158,31.430695
250,-87.041454,31.649564,-87.040921,31.649946
259,-87.131669,31.279231,-87.13117,31.279441
269,-87.21705,31.332229,-87.21664,31.332477
279,-87.130738,31.461545,-87.13016,31.462078
289,-87.133318,31.57924,-87.132766,31.579791
299,-87.189331,31.370443,-87.188915,31.370762
308,-86.979859,31.424942,-86.978679,31.425899
317,-87.209306,31.345806,-87.208947,31.346268
326,-86.991807,31.439613,-86.991326,31.440069
336,-87.047446,31.640273,-87.046824,31.640912
345,-87.211541,31.26906,-87.210843,31.269533
360,-87.01668,31.3983,-87.015481,31.399025
370,-86.999147,31.448391,-86.998674,31.448761
380,-87.092943,31.485119,-87.091538,31.485724
389,-87.11132,31.308426,-87.110994,31.308828
394,-87.218118,31.381113,-87.215098,31.38228
409,-86.969579,31.45722,-86.96879,31.458682
419,-86.768279,31.330162,-86.767025,31.331767
430,-87.209666,31.374616,-87.208647,31.37545
440,-86.985598,31.321423,-86.985182,31.321841
450,-86.882584,31.380085,-86.882058,31.380333
460,-86.980657,31.544242,-86.980374,31.544649
469,-86.987992,31.294863,-86.987525,31.295144
479,-86.948686,31.317169,-86.947821,31.317919
489,-87.154556,31.30585,-87.153774,31.306889
498,-87.116808,31.333108,-87.116293,31.333784
511,-87.138068,31.468924,-87.137786,31.469347
521,-87.086973,31.491304,-87.086176,31.492113
531,-87.164043,31.303789,-87.163089,31.309152
541,-86.944291,31.463153,-86.942446,31.465009
551,-87.241309,31.330527,-87.241027,31.330742
561,-86.906256,31.274581,-86.905558,31.275009
571,-87.136391,31.48457,-87.134626,31.48589
580,-86.993313,31.594042,-86.992862,31.594696
589,-86.706397,31.232125,-86.705713,31.23262
599,-87.028466,31.320713,-87.027778,31.321686
609,-87.181165,31.358123,-87.180806,31.358491
619,-86.94985,31.387925,-86.948385,31.388728
629,-87.103656,31.446186,-87.103329,31.446466
638,-87.174864,31.476264,-87.173869,31.476742
646,-86.969624,31.539437,-86.967128,31.542647
666,-87.186087,31.389505,-87.185779,31.389796
663,-87.005032,31.601402,-87.004626,31.601996
677,-86.901568,31.441992,-86.900952,31.442526
687,-86.974453,31.321108,-86.974043,31.321397
697,-86.957653,31.265601,-86.957294,31.265926
707,-86.970006,31.299126,-86.969679,31.29942
717,-87.242422,31.31753,-87.242166,31.317882
727,-87.008553,31.398836,-87.008233,31.399103
740,-87.173658,31.471462,-87.173202,31.471935
749,-87.125175,31.36004,-87.123913,31.361222
760,-87.243396,31.420869,-87.242729,31.422131
770,-87.063991,31.352089,-87.06337,31.352383
780,-86.947591,31.29055,-86.947284,31.290957
791,-86.957506,31.362675,-86.957257,31.362961
814,-86.979748,31.539119,-86.979247,31.539446
810,-86.963755,31.294823,-86.963371,31.295087
822,-87.209211,31.324663,-87.208807,31.325031
832,-87.185991,31.385193,-87.185574,31.385528
842,-87.221672,31.453957,-87.221319,31.454171
852,-87.163822,31.542774,-87.163064,31.543416
2,-86.480476,33.090563,-86.47177,33.103113
32,-86.158728,32.896572,-86.156987,32.899755
11,-86.499979,33.073777,-86.499895,33.074157
35,-86.223735,32.879151,-86.222647,32.880629
45,-86.316143,33.011212,-86.315634,33.011598
56,-86.335485,32.883612,-86.334697,32.884585
75,-86.244979,32.810885,-86.243566,32.811546
66,-86.280989,32.753434,-86.249388,32.765273
84,-86.064398,32.979294,-86.064143,32.979464
94,-86.168952,32.878115,-86.167863,32.878935
105,-86.338181,32.836889,-86.242351,32.860588
115,-86.066204,33.072305,-86.065335,33.072853
125,-86.302085,33.017772,-86.300949,33.018212
135,-86.02505,32.896791,-86.024092,32.897588
144,-86.500009,33.039169,-86.497265,33.03998
154,-86.231124,32.785933,-86.229516,32.787726
185,-86.307476,32.989655,-86.307143,32.989835
173,-86.259108,33.089532,-86.257717,33.090401
186,-86.303972,32.988494,-86.303731,32.988742
196,-86.112907,32.772382,-86.112036,32.774247
211,-86.060427,32.832155,-86.05977,32.832425
215,-86.259728,32.88197,-86.258998,32.882382
225,-86.2302,33.097274,-86.229215,33.098131
235,-86.189383,33.08323,-86.187956,33.084032
246,-86.063765,32.988207,-86.062956,32.989064
256,-86.255528,32.908284,-86.2553,32.908486
266,-85.999962,32.801302,-85.999748,32.801647
276,-86.154684,32.888802,-86.153941,32.889335
286,-86.063407,33.007237,-86.060905,33.007986
296,-86.06224,33.000743,-86.06149,33.002257
306,-86.444056,32.922424,-86.443469,32.923479
316,-86.505293,32.923533,-86.501862,32.928558
332,-86.486692,33.102947,-86.48621,33.102984
329,-86.202113,32.952632,-86.201277,32.953232
345,-86.136109,33.102151,-86.135108,33.103315
355,-86.099832,33.054136,-86.097868,33.05498
365,-86.409599,33.048071,-86.408914,33.048588
375,-86.202387,32.954611,-86.201584,32.955409
385,-86.109449,32.83151,-86.108245,32.832296
395,-86.062864,32.997131,-86.060333,33.000608
416,-86.265102,33.09545,-86.264494,33.096133
410,-86.031826,33.079805,-86.030632,33.080984
426,-86.209572,32.974559,-86.208685,32.975631
1,-86.682318,31.207327,-86.680174,31.208315
11,-86.599509,31.010215,-86.598144,31.011428
19,-86.556429,31.155575,-86.554834,31.15831
30,-86.390936,31.169598,-86.389364,31.171225
39,-86.44464,31.15587,-86.444014,31.156568
80,-86.201221,31.346876,-86.200945,31.347151
58,-86.407541,31.395316,-86.40513,31.396675
69,-86.476676,31.109731,-86.476019,31.110656
81,-86.202796,31.336399,-86.202155,31.337653
91,-86.242725,31.084633,-86.240514,31.086827
99,-86.253668,31.086901,-86.252704,31.089734
111,-86.389432,31.266392,-86.388657,31.266856
121,-86.334224,31.319871,-86.333,31.321142
131,-86.290173,31.094278,-86.289694,31.094553
141,-86.276661,31.230258,-86.275379,31.231253
150,-86.408233,31.305025,-86.40676,31.305966
160,-86.526826,31.176237,-86.525614,31.17777
171,-86.421787,31.075762,-86.421161,31.0767
180,-86.62426,31.3655,-86.623523,31.366188
190,-86.67388,31.163545,-86.673196,31.164284
199,-86.623831,31.307914,-86.623062,31.309024
209,-86.651874,31.135504,-86.651508,31.135865
221,-86.234569,31.330281,-86.234268,31.330699
231,-86.255746,31.410833,-86.255023,31.411218
241,-86.613505,31.243689,-86.609781,31.248138
250,-86.454345,31.181273,-86.452041,31.182895
258,-86.362603,31.419665,-86.361509,31.420776
268,-86.344909,31.245757,-86.343184,31.248185
277,-86.41329,31.403936,-86.412284,31.404662
291,-86.549323,31.040954,-86.547629,31.041984
301,-86.57061,31.19595,-86.570148,31.196519
311,-86.322231,31.267594,-86.320694,31.27052
321,-86.426768,31.340735,-86.426102,31.341819
331,-86.246986,31.220762,-86.245981,31.222016
341,-86.631801,31.130555,-86.63116,31.131268
350,-86.405217,31.320925,-86.404237,31.322124
360,-86.311556,31.383374,-86.310519,31.383935
369,-86.421147,31.076344,-86.420261,31.076968
379,-86.535408,31.35257,-86.535062,31.353092
390,-86.656894,31.239004,-86.656485,31.239239
400,-86.349163,31.409758,-86.348457,31.410215
410,-86.644889,31.25367,-86.644401,31.254128
420,-86.652306,31.01648,-86.651642,31.017152
430,-86.527459,31.136393,-86.526589,31.136966
440,-86.338966,31.348762,-86.338108,31.349615
450,-86.301671,31.252006,-86.300698,31.252788
460,-86.366708,31.010187,-86.365974,31.011162
893,-86.361062,31.03278,-86.360583,31.033615
479,-86.407576,31.173878,-86.405699,31.175726
489,-86.226535,31.364009,-86.226163,31.364422
499,-86.465674,31.383179,-86.46513,31.384009
509,-86.554313,31.078553,-86.553672,31.079144
519,-86.371885,31.315515,-86.371278,31.315801
529,-86.457138,31.314868,-86.455683,31.315924
538,-86.433461,31.089235,-86.431973,31.090891
548,-86.398675,31.369648,-86.397386,31.371617
558,-86.297304,31.264387,-86.296042,31.265003
568,-86.214448,31.130947,-86.213073,31.131767
578,-86.282787,31.26599,-86.280982,31.268124
588,-86.53956,31.153979,-86.538552,31.154572
598,-86.43323,31.01791,-86.432726,31.018248
608,-86.524,31.336231,-86.523743,31.336429
618,-86.602528,31.168473,-86.599977,31.169647
628,-86.287785,31.223893,-86.286923,31.224259
638,-86.32537,31.040939,-86.32454,31.041671
648,-86.647975,31.141375,-86.647388,31.142275
658,-86.386703,31.318152,-86.386069,31.318581
668,-86.503583,31.00673,-86.502782,31.007844
678,-86.279815,31.362861,-86.278354,31.363565
688,-86.314731,31.395216,-86.314315,31.395639
705,-86.440696,31.18101,-86.437484,31.182608
708,-86.454859,31.246977,-86.451398,31.248891
718,-86.336744,31.224689,-86.336233,31.224958
726,-86.414242,31.074576,-86.412578,31.07713
743,-86.481427,31.02281,-86.480984,31.023178
735,-86.521738,31.358922,-86.493983,31.376992
757,-86.359259,31.119564,-86.357444,31.121819
768,-86.382786,31.115079,-86.380299,31.116019
778,-86.446559,31.468822,-86.445789,31.469449
788,-86.256305,31.225116,-86.256077,31.22551
798,-86.571475,31.478587,-86.56955,31.479917
807,-86.21899,31.2877,-86.217897,31.288823
817,-86.509567,31.363275,-86.508022,31.364865
827,-86.579603,31.167928,-86.579288,31.168289
837,-86.260859,31.395177,-86.260538,31.395436
847,-86.336606,31.268852,-86.335908,31.269512
858,-86.291608,30.995476,-86.29125,30.995828
868,-86.419622,31.309043,-86.418751,31.309818
879,-86.237596,31.310458,-86.236801,31.311272
889,-86.663063,31.202793,-86.657889,31.207487
901,-86.445326,31.451475,-86.442959,31.454269
911,-86.413063,31.21617,-86.412132,31.217128
921,-86.391554,31.16725,-86.391248,31.167649
929,-86.390622,31.135138,-86.389882,31.135628
937,-86.621407,31.033894,-86.619706,31.037657
947,-86.509999,31.297769,-86.508564,31.300217
958,-86.538942,31.365936,-86.537545,31.367019
967,-86.329696,31.368976,-86.329203,31.369383
977,-86.20618,31.10677,-86.204793,31.107781
986,-86.243056,31.313569,-86.241646,31.315081
999,-86.594314,30.994957,-86.593916,30.995489
1009,-86.682873,31.116996,-86.682705,31.117248
1019,-86.426789,31.321887,-86.426296,31.322541
1029,-86.575084,31.182506,-86.57384,31.183925
1039,-86.202635,31.303035,-86.201034,31.304479
1049,-86.516505,31.331444,-86.516223,31.331822
1059,-86.632191,31.163342,-86.631373,31.164001
1070,-86.610264,31.273587,-86.609886,31.274093
1080,-86.208058,31.101082,-86.207515,31.101643
1090,-86.589379,31.060846,-86.588379,31.061441
1100,-86.299387,31.069023,-86.298799,31.069529
1110,-86.24321,31.32585,-86.242236,31.32656
1120,-86.493525,31.248331,-86.492907,31.249017
1135,-86.444466,31.214132,-86.443451,31.215408
1139,-86.438164,31.200409,-86.437072,31.201105
1149,-86.366347,31.240274,-86.364615,31.24115
1158,-86.679854,31.313509,-86.678253,31.315068
1249,-86.402907,31.349327,-86.401593,31.349838
1202,-86.450045,31.352984,-86.448064,31.354238
1185,-86.317084,31.370698,-86.316415,31.371342
1192,-86.308225,31.023053,-86.301481,31.026903
1208,-86.194302,31.085342,-86.193886,31.086314
1217,-86.315119,31.344474,-86.313748,31.346201
1228,-86.256711,31.065997,-86.254519,31.067168
